Subject #,Video Name,Test Date,Gender,Trial A Point,Trial B Point,Trial C Point,Trial D Point
281,subject_drop_060915_01.mpg,6/9/15,M,,,,
282,subject_drop_060915_02.mpg,6/9/15,F,,,,
283,subject_drop_060915_03.mpg,6/9/15,F,,,,
284,subejct_drop_060915_04.mpg,6/9/15,F,,,,
285,subject_drop_061315_01.mpg,6/13/15,F,,,,
286,subject_drop_061315_02.mpg,6/13/15,M,,,,
287,subject-drop_061315_03.mpg,6/13/15,M,,,,
288,subject_drop_061315_04.mpg,6/13/15,M,,,,
289,subject_drop_061915_01.mpg,6/19/15,F,,,,
290,subject_drop_061915_02.mpg,6/19/15,F,,,,
291,subject_drop_061915_03.mpg,6/19/15,M,,,,
292,subject_drop_062315_01.mpg,6/23/15,M,,,,
293,subject_drop_062315_02.mpg,6/23/15,F,,,,
294,subject_drop_062315_03.mpg,6/23/15,M,,,,
295,subject_drop_062315_04.mpg,6/23/15,F,,,,
296,subject_drop_062715_01.mpg,6/27/15,F,,,,
297,subject_drop-062715_02.mpg,6/27/15,M,,,,
298,subject_drop_063015_01.mpg,6/30/15,F,,,,
299,subject_drop_063015_02.mpg,6/30/15,M,,,,
300,subject_drop_070715_01.mpg,7/7/15,F,,,,
301,subject_drop_070715_02.mpg,7/7/15,F,,,,
302,subject_drop_070715_03.mpg,7/7/15,M,,,,
303,subject_drop-070715_04.mpg,7/7/15,M,,,,
304,subject_drop_070715_05.mpg,7/7/15,M,,,,
305,subject_drop_071115_01.mpg,7/11/15,M,,,,
306,subject_drop_071115_02.mpg,7/11/15,F,,,,
307,subject_drop_071115_03.mpg,7/11/15,M,,,,
308,subject_drop_071215_01.mpg,7/12/15,F,,,,
309,subject_drop_071215_02.mpg,7/12/15,F,,,,
310,subject_drop_071215_03.mpg,7/12/15,M,,,,
311,subject_drop_071415_01.mpg,7/14/15,M,,,,
312,subject_drop_071415_02.mpg,7/14/15,F,,,,
313,subject_drop_071415_03.mpg,7/14/15,F,,,,
314,subject_drop_071415_04.mpg,7/14/15,M,,,,
315,subject_drop_071415_05.mpg,7/14/15,M,,,,