paycode,verb.itemNo,stimNo,verb,surpriseRating,giveCat
d27f05317bb22,0,1,DRINK,1,coffee
j35743ca18a25,0,1,DRINK,1,coffee
d3ca2a9c8db36,0,1,DRINK,1,water
c10344ccai47,0,1,DRINK,5,
h37a92ce7cj64,0,1,DRINK,1,water
j117b9dbeca76,0,1,DRINK,1,water
d320280bf3e86,0,1,DRINK,1,can
j3b3d8dbc3j89,0,1,DRINK,6,Water
i189f41130f93,0,1,DRINK,1,water
a30f37480fj103,0,1,DRINK,1,water
c2803750d3b140,0,1,DRINK,1,soda
i2c9bbbd60b14,1,1,DRINK,1,Beverages
f3cdba4da3h17,1,1,DRINK,1,water
d25f6197e7d7,1,1,DRINK,1,cola
h39892a2fdc39,1,1,DRINK,1,water
f10275b665c34,1,1,DRINK,1,cola can
da75c7acfj63,1,1,DRINK,1,coffee
g21000ae7bi75,1,1,DRINK,1,coffee
cc59249dfh124,1,1,DRINK,1,
g35b7a02b6c127,1,1,DRINK,1,coffee
d24bf2a3d0d10,2,1,DRINK,1,water bottle
b5e4c38f0d35,2,1,DRINK,1,coffee cup
hb6b438f0f95,2,1,DRINK,1,soda
b22422736bc116,2,1,DRINK,1,Water
a25ef7e946a117,2,1,DRINK,4,drinks
g3b8dcf173h138,2,1,DRINK,1,coffee
c3cb2614b5a23,3,1,DRINK,4,beverages
h1b622cfe3c37,3,1,DRINK,1,coffee
i2c3095d87i41,3,1,DRINK,2,water
f46087587g60,3,1,DRINK,1,can
d1de0ca994j73,3,1,DRINK,1,water
e5232e449a108,3,1,DRINK,1,soda
e3844821bca131,3,1,DRINK,1,water
g2b92625ch132,3,1,DRINK,1,Water
a34f17063ej16,4,1,DRINK,1,soda
g303eb302f42,4,1,DRINK,1,coffee
c2809c51aca40,4,1,DRINK,1,coffee
j58cb1481c58,4,1,DRINK,1,bottle
c2df077c10g91,4,1,DRINK,1,
b34146c379f102,4,1,DRINK,1,water
c99078384i114,4,1,DRINK,1,water
b158b3ad37c133,4,1,DRINK,1,water
c27875b05ai141,4,1,DRINK,1,coffee
d3acd9175eg149,4,1,DRINK,1,water
i1a1efefb6g44,5,1,DRINK,1,bottled water
d276a5c814b66,5,1,DRINK,1,coffee
j3708afc66d65,5,1,DRINK,1,cup
a3a1b02ba4h52,5,1,DRINK,1,coffee
i1cebdd247h101,5,1,DRINK,1,water
i1ca9d7188f107,5,1,DRINK,1,soda
f15393a8c6b110,5,1,DRINK,1,coffee
i3803030a8c6,6,1,DRINK,2,juice
d3dfd656adh69,6,1,DRINK,1,water
j34928546c90,6,1,DRINK,1,water
f21e3abc0cg8,7,1,DRINK,1,coffee
h24777018dg20,7,1,DRINK,1,coffee
h3f6abaa1i19,7,1,DRINK,1,soda
g187df9288i45,7,1,DRINK,1,water
i13a5e2f60f50,7,1,DRINK,1,coffee
hab993c7db49,7,1,DRINK,1,water
j29a103792h57,7,1,DRINK,1,Pop
f35df49326d72,7,1,DRINK,1,cup of water
f20136b2e4g97,7,1,DRINK,1,water
d3e3162d8ac123,7,1,DRINK,1,soda
h1589ff72bd125,7,1,DRINK,1,pop
g31c9a40b4b135,7,1,DRINK,1,coffee
b34f7b2fa3i144,7,1,DRINK,1,
g1af8b6c1j18,8,1,DRINK,1,soda
f25defc94df43,8,1,DRINK,1,
g23dd0089g68,8,1,DRINK,1,water
c1de0a4d6ea77,8,1,DRINK,1,water
d10803bd2f82,8,1,DRINK,1,water
j22e02e1c5a105,8,1,DRINK,1,soda
g3bc9345b9g113,8,1,DRINK,1,soda
d3df547c1e126,8,1,DRINK,1,soda
d178c68f02a147,8,1,DRINK,1,coffee
f20ebd4d07c26,9,1,DRINK,1,coffee
h1ec5b4368a27,9,1,DRINK,1,soda
a380ac904ba48,9,1,DRINK,1,Water
d1f1086451e87,9,1,DRINK,1,coffee
h17967ac64e96,9,1,DRINK,1,beverage
j2169f7b20e111,9,1,DRINK,1,coffee
j3909c747eb106,9,1,DRINK,1,can
i285a0f81ai120,9,1,DRINK,1,bottle of water
d1d235fc8a128,9,1,DRINK,1,milkshake
a23fcf13ef142,9,1,DRINK,1,soda can
hcb7212b6d3,10,1,DRINK,3,sue
h323e457b9j1,10,1,DRINK,1,soda
j6cb16fb1e32,10,1,DRINK,1,Drinks
a3a35572b4f51,10,1,DRINK,1,coffee
b2aa3461a3b53,10,1,DRINK,1,Soda
iadff15f5b67,10,1,DRINK,1,water
a873b031di80,10,1,DRINK,1,soda
e16b76e266j85,10,1,DRINK,1,water
i300dd5e1eb83,10,1,DRINK,1,soda
a376dccc4cj143,10,1,DRINK,1,water
d1bcc14e98e30,11,1,DRINK,1,milk
g38b708094f46,11,1,DRINK,1,coke
b112f50a07f62,11,1,DRINK,2,water
d3cd9c1ebb112,11,1,DRINK,1,Coffee
f350cd72bfe118,11,1,DRINK,1,cola
i3803030a8c6,0,10,DROP,1,Book
h39892a2fdc39,0,10,DROP,1,newspaper
i1ca9d7188f107,0,10,DROP,1,comic
g35b7a02b6c127,0,10,DROP,1,book
a376dccc4cj143,0,10,DROP,1,book
c3cb2614b5a23,1,10,DROP,1,literature
f20ebd4d07c26,1,10,DROP,1,magazine
i13a5e2f60f50,1,10,DROP,3,newspaper
g3bc9345b9g113,1,10,DROP,5,Time Magazine
d1d235fc8a128,1,10,DROP,1,comic book
e3844821bca131,1,10,DROP,2,book
a3a35572b4f51,2,10,DROP,1,book
i1a1efefb6g44,2,10,DROP,1,newspaper
b2aa3461a3b53,2,10,DROP,1,Book
j58cb1481c58,2,10,DROP,2,magazine
iadff15f5b67,2,10,DROP,6,newspaper
d276a5c814b66,2,10,DROP,7,comic
b112f50a07f62,2,10,DROP,6,newspaper
f20136b2e4g97,2,10,DROP,2,map
h1589ff72bd125,2,10,DROP,1,magazine
d178c68f02a147,2,10,DROP,1,comic
d24bf2a3d0d10,3,10,DROP,4,newspaper
j35743ca18a25,3,10,DROP,4,newspaper
g23dd0089g68,3,10,DROP,3,comics
f35df49326d72,3,10,DROP,1,comic book
a25ef7e946a117,3,10,DROP,4,liteature
cc59249dfh124,3,10,DROP,2,paper
g31c9a40b4b135,3,10,DROP,1,newspaper
c27875b05ai141,3,10,DROP,1,book
hcb7212b6d3,4,10,DROP,4,sue
g1af8b6c1j18,4,10,DROP,4,book
f3cdba4da3h17,4,10,DROP,2,newspaper
i2c3095d87i41,4,10,DROP,4,newspaper
i1cebdd247h101,4,10,DROP,1,map
d3cd9c1ebb112,4,10,DROP,1,Magazine
b22422736bc116,4,10,DROP,1,Book
g2b92625ch132,4,10,DROP,4,Book
b34f7b2fa3i144,4,10,DROP,2,paper
a34f17063ej16,5,10,DROP,2,book
d27f05317bb22,5,10,DROP,2,book
h1b622cfe3c37,5,10,DROP,1,newspaper
c2809c51aca40,5,10,DROP,5,newspaper
hab993c7db49,5,10,DROP,3,comic
f46087587g60,5,10,DROP,1,magazine
c1de0a4d6ea77,5,10,DROP,4,newspaper
d320280bf3e86,5,10,DROP,3,book
a30f37480fj103,5,10,DROP,4,book
d3e3162d8ac123,5,10,DROP,4,comic
d3df547c1e126,5,10,DROP,2,time
h323e457b9j1,6,10,DROP,3,book
h1ec5b4368a27,6,10,DROP,4,comic book
g187df9288i45,6,10,DROP,4,newspaper
b5e4c38f0d35,6,10,DROP,1,newspaper
c10344ccai47,6,10,DROP,5,obama
g21000ae7bi75,6,10,DROP,2,magazine
e5232e449a108,6,10,DROP,4,newspaper
c2803750d3b140,6,10,DROP,3,map
d3ca2a9c8db36,7,10,DROP,1,book
g303eb302f42,7,10,DROP,4,comic book
a380ac904ba48,7,10,DROP,3,newspaper
f25defc94df43,7,10,DROP,1,
h37a92ce7cj64,7,10,DROP,1,newspaper
d3dfd656adh69,7,10,DROP,2,comic
e16b76e266j85,7,10,DROP,4,book
j3b3d8dbc3j89,7,10,DROP,1,paper
j34928546c90,7,10,DROP,1,newspaper
j22e02e1c5a105,7,10,DROP,1,newspaper
j3909c747eb106,7,10,DROP,1,book
f350cd72bfe118,7,10,DROP,2,map
i285a0f81ai120,7,10,DROP,1,magazine
g3b8dcf173h138,7,10,DROP,4,newspaper
h24777018dg20,8,10,DROP,4,map
d25f6197e7d7,8,10,DROP,1,book
d1bcc14e98e30,8,10,DROP,4,newspaper
j29a103792h57,8,10,DROP,1,Book
a3a1b02ba4h52,8,10,DROP,3,manual
i189f41130f93,8,10,DROP,4,book
h17967ac64e96,8,10,DROP,1,book
f15393a8c6b110,8,10,DROP,1,newspaper
h3f6abaa1i19,9,10,DROP,1,map
j6cb16fb1e32,9,10,DROP,1,Books
g38b708094f46,9,10,DROP,3,magazine
j3708afc66d65,9,10,DROP,2,manual
a873b031di80,9,10,DROP,1,book
c2df077c10g91,9,10,DROP,5,user manual
i2c9bbbd60b14,10,10,DROP,2,REading materials
d1de0ca994j73,10,10,DROP,4,book
j117b9dbeca76,10,10,DROP,2,map
d1f1086451e87,10,10,DROP,2,magazine
j2169f7b20e111,10,10,DROP,3,comic
c99078384i114,10,10,DROP,5,book
b158b3ad37c133,10,10,DROP,2,newspaper
a23fcf13ef142,10,10,DROP,4,book
f21e3abc0cg8,11,10,DROP,4,magazine
f10275b665c34,11,10,DROP,5,book
da75c7acfj63,11,10,DROP,1,comics
d10803bd2f82,11,10,DROP,5,comic
i300dd5e1eb83,11,10,DROP,2,book
hb6b438f0f95,11,10,DROP,2,comic
b34146c379f102,11,10,DROP,7,comics
d3acd9175eg149,11,10,DROP,7,magazine
h323e457b9j1,0,2,EAT,1,alexa
hcb7212b6d3,0,2,EAT,4,sue
c3cb2614b5a23,0,2,EAT,7,fruit
h3f6abaa1i19,0,2,EAT,1,watermelon
j6cb16fb1e32,0,2,EAT,1,Fruit
g303eb302f42,0,2,EAT,1,apple
i2c3095d87i41,0,2,EAT,2,bananas
f35df49326d72,0,2,EAT,1,apple
c99078384i114,0,2,EAT,1,apple
f350cd72bfe118,0,2,EAT,1,banana
i1a1efefb6g44,1,2,EAT,1,apple
j58cb1481c58,1,2,EAT,1,watermelon
iadff15f5b67,1,2,EAT,6,banana
i1cebdd247h101,1,2,EAT,1,apple
d3df547c1e126,1,2,EAT,1,grape
a376dccc4cj143,1,2,EAT,1,apple
b34f7b2fa3i144,1,2,EAT,1,apple
d27f05317bb22,2,2,EAT,1,grape
h39892a2fdc39,2,2,EAT,1,watermelon
c10344ccai47,2,2,EAT,5,
j117b9dbeca76,2,2,EAT,1,orange
c1de0a4d6ea77,2,2,EAT,1,banana
b34146c379f102,2,2,EAT,1,grapes
g26125a159f130,2,2,EAT,1,Watermelon
c2803750d3b140,2,2,EAT,1,strawberry
h24777018dg20,3,2,EAT,1,orange
h1ec5b4368a27,3,2,EAT,1,apple
g187df9288i45,3,2,EAT,1,orange
a380ac904ba48,3,2,EAT,1,Apple
g38b708094f46,3,2,EAT,1,orange
i13a5e2f60f50,3,2,EAT,1,orange
da75c7acfj63,3,2,EAT,1,fruit
d3dfd656adh69,3,2,EAT,1,watermelon
a3a1b02ba4h52,3,2,EAT,1,grapes
d178c68f02a147,3,2,EAT,1,watermelon
b5e4c38f0d35,4,2,EAT,1,banana
b2aa3461a3b53,4,2,EAT,1,Watermelon
hab993c7db49,4,2,EAT,1,orange
j3708afc66d65,4,2,EAT,1,orange
d1de0ca994j73,4,2,EAT,1,watermelon
j3b3d8dbc3j89,4,2,EAT,2,Orange
i189f41130f93,4,2,EAT,1,banana
h17967ac64e96,4,2,EAT,1,orange
j3909c747eb106,4,2,EAT,1,grapes
g1af8b6c1j18,5,2,EAT,1,apple
b112f50a07f62,5,2,EAT,1,apple
d10803bd2f82,5,2,EAT,1,apple
d3cd9c1ebb112,5,2,EAT,1,Grapes
i285a0f81ai120,5,2,EAT,1,apple
d1d235fc8a128,5,2,EAT,1,banana
cc59249dfh124,5,2,EAT,1,apple
a23fcf13ef142,5,2,EAT,1,orange
f21e3abc0cg8,6,2,EAT,1,banana
f3cdba4da3h17,6,2,EAT,1,watermelon
d25f6197e7d7,6,2,EAT,1,apple
c2809c51aca40,6,2,EAT,1,grapes
d276a5c814b66,6,2,EAT,1,banana
e16b76e266j85,6,2,EAT,1,apple
i300dd5e1eb83,6,2,EAT,1,apple
hb6b438f0f95,6,2,EAT,1,banana
a30f37480fj103,6,2,EAT,1,banana
a25ef7e946a117,6,2,EAT,3,food
i3803030a8c6,7,2,EAT,1,orange
f20ebd4d07c26,7,2,EAT,1,grape
h1b622cfe3c37,7,2,EAT,1,strawberry
a3a35572b4f51,7,2,EAT,1,grapes
f46087587g60,7,2,EAT,1,banana
d1f1086451e87,7,2,EAT,1,watermelon
g35b7a02b6c127,7,2,EAT,1,orange
d3acd9175eg149,7,2,EAT,1,watermelon
i2c9bbbd60b14,8,2,EAT,1,Fruit
a34f17063ej16,8,2,EAT,1,grapes
h37a92ce7cj64,8,2,EAT,1,watermelon
d320280bf3e86,8,2,EAT,1,apple
e5232e449a108,8,2,EAT,1,apple
f10275b665c34,9,2,EAT,1,orange
j29a103792h57,9,2,EAT,1,Strawberry
g23dd0089g68,9,2,EAT,1,apple
j34928546c90,9,2,EAT,1,grapes
f20136b2e4g97,9,2,EAT,1,grapes
i1ca9d7188f107,9,2,EAT,1,grapes
b22422736bc116,9,2,EAT,1,Orange
d3e3162d8ac123,9,2,EAT,1,grape
b158b3ad37c133,9,2,EAT,1,apple
g31c9a40b4b135,9,2,EAT,1,orange
g3b8dcf173h138,9,2,EAT,1,apple
d24bf2a3d0d10,10,2,EAT,1,banana
d1bcc14e98e30,10,2,EAT,1,orange
f25defc94df43,10,2,EAT,1,
c2df077c10g91,10,2,EAT,1,apple
f15393a8c6b110,10,2,EAT,1,apple
g3bc9345b9g113,10,2,EAT,1,strawberry
e3844821bca131,10,2,EAT,1,grape
j35743ca18a25,11,2,EAT,1,grapes
d3ca2a9c8db36,11,2,EAT,1,orange
g21000ae7bi75,11,2,EAT,1,bananas
a873b031di80,11,2,EAT,1,strawberry
j22e02e1c5a105,11,2,EAT,1,orange
j2169f7b20e111,11,2,EAT,1,apple
h1589ff72bd125,11,2,EAT,1,banana
g2b92625ch132,11,2,EAT,1,bananas
c27875b05ai141,11,2,EAT,1,grapes
g1af8b6c1j18,0,3,FEED,1,dog
d25f6197e7d7,0,3,FEED,1,cat
f25defc94df43,0,3,FEED,7,rubber duck
j29a103792h57,0,3,FEED,1,Cat
d276a5c814b66,0,3,FEED,3,pig
j3708afc66d65,0,3,FEED,1,duck
a873b031di80,0,3,FEED,1,dog
j22e02e1c5a105,0,3,FEED,1,duck
d1d235fc8a128,0,3,FEED,1,rabbit
h24777018dg20,1,3,FEED,1,kitten
a3a35572b4f51,1,3,FEED,1,duck
c10344ccai47,1,3,FEED,5,
d3dfd656adh69,1,3,FEED,1,cat
hb6b438f0f95,1,3,FEED,1,duck
h1ec5b4368a27,2,3,FEED,1,pig
c2809c51aca40,2,3,FEED,1,pig
g187df9288i45,2,3,FEED,1,duck
a380ac904ba48,2,3,FEED,1,Duck
g38b708094f46,2,3,FEED,1,duck
f35df49326d72,2,3,FEED,1,pig
d320280bf3e86,2,3,FEED,1,dog
i300dd5e1eb83,2,3,FEED,1,dog
c2df077c10g91,2,3,FEED,1,dog
h17967ac64e96,2,3,FEED,1,dog
d3df547c1e126,2,3,FEED,1,cat
g31c9a40b4b135,2,3,FEED,1,pig
c27875b05ai141,2,3,FEED,1,rabbit
i3803030a8c6,3,3,FEED,1,cat
d3ca2a9c8db36,3,3,FEED,1,cat
g303eb302f42,3,3,FEED,1,dog
j117b9dbeca76,3,3,FEED,2,dog
c1de0a4d6ea77,3,3,FEED,1,dog
f15393a8c6b110,3,3,FEED,1,pig
g3b8dcf173h138,3,3,FEED,1,duck
a376dccc4cj143,3,3,FEED,1,pig
d3acd9175eg149,3,3,FEED,1,pig
h1b622cfe3c37,4,3,FEED,1,cat
c3cb2614b5a23,4,3,FEED,1,animals
g23dd0089g68,4,3,FEED,1,dog
g21000ae7bi75,4,3,FEED,1,dog
e16b76e266j85,4,3,FEED,1,kitten
d1f1086451e87,4,3,FEED,1,cat
a25ef7e946a117,4,3,FEED,5,animals
d178c68f02a147,4,3,FEED,1,cat
hcb7212b6d3,5,3,FEED,4,mike
j6cb16fb1e32,5,3,FEED,1,Animals
i13a5e2f60f50,5,3,FEED,1,sheep
j58cb1481c58,5,3,FEED,1,dog
iadff15f5b67,5,3,FEED,2,dog
h37a92ce7cj64,5,3,FEED,1,rabbit
j3b3d8dbc3j89,5,3,FEED,1,pig
f20136b2e4g97,5,3,FEED,1,pig
j2169f7b20e111,5,3,FEED,1,duck
c99078384i114,5,3,FEED,1,cat
g2b92625ch132,5,3,FEED,1,Dog
a34f17063ej16,6,3,FEED,1,rabbit
b2aa3461a3b53,6,3,FEED,3,Dog
d10803bd2f82,6,3,FEED,1,pig
d3cd9c1ebb112,6,3,FEED,1,Sheep
j3909c747eb106,6,3,FEED,1,duck
b158b3ad37c133,6,3,FEED,1,duck
a23fcf13ef142,6,3,FEED,1,duck
d27f05317bb22,7,3,FEED,1,dog
h39892a2fdc39,7,3,FEED,1,pig
d1bcc14e98e30,7,3,FEED,1,dog
i2c3095d87i41,7,3,FEED,2,cat
b5e4c38f0d35,7,3,FEED,1,dog
f10275b665c34,7,3,FEED,1,duck
a3a1b02ba4h52,7,3,FEED,2,lamb
a30f37480fj103,7,3,FEED,1,dog
i1cebdd247h101,7,3,FEED,1,duck
e5232e449a108,7,3,FEED,1,dog
cc59249dfh124,7,3,FEED,1,cat
e3844821bca131,7,3,FEED,1,cat
h323e457b9j1,8,3,FEED,1,cat
f21e3abc0cg8,8,3,FEED,3,puppy
d24bf2a3d0d10,8,3,FEED,1,rabbit
j35743ca18a25,8,3,FEED,2,dog
i1a1efefb6g44,8,3,FEED,1,pig
hab993c7db49,8,3,FEED,1,cat
b112f50a07f62,8,3,FEED,4,cat
d1de0ca994j73,8,3,FEED,1,dog
j34928546c90,8,3,FEED,1,pig
b34146c379f102,8,3,FEED,1,dog
b22422736bc116,8,3,FEED,1,Cat
i285a0f81ai120,8,3,FEED,1,dog
g35b7a02b6c127,8,3,FEED,1,cat
i2c9bbbd60b14,9,3,FEED,1,Animals
i189f41130f93,9,3,FEED,1,cat
g3bc9345b9g113,9,3,FEED,1,cat
b34f7b2fa3i144,9,3,FEED,1,dog
f3cdba4da3h17,10,3,FEED,1,dog
h3f6abaa1i19,10,3,FEED,1,pig
f20ebd4d07c26,10,3,FEED,1,pig
da75c7acfj63,10,3,FEED,2,pig
i1ca9d7188f107,10,3,FEED,1,dog
f350cd72bfe118,10,3,FEED,1,duck
h1589ff72bd125,10,3,FEED,1,pig
f46087587g60,11,3,FEED,4,pig
d3e3162d8ac123,11,3,FEED,1,dog
c2803750d3b140,11,3,FEED,1,sheep
f21e3abc0cg8,0,12,HOLD,2,knife
d24bf2a3d0d10,0,12,HOLD,1,spoon
a380ac904ba48,0,12,HOLD,1,Pot
hab993c7db49,0,12,HOLD,2,knife
g21000ae7bi75,0,12,HOLD,1,knife
j3909c747eb106,0,12,HOLD,1,cooking utensils
d3cd9c1ebb112,0,12,HOLD,1,Knife
i285a0f81ai120,0,12,HOLD,1,plate
hcb7212b6d3,1,12,HOLD,4,sue
d3ca2a9c8db36,1,12,HOLD,1,spoon
g38b708094f46,1,12,HOLD,1,bowl
b5e4c38f0d35,1,12,HOLD,1,spoon
d1de0ca994j73,1,12,HOLD,1,knife
d10803bd2f82,1,12,HOLD,1,knife 
c2df077c10g91,1,12,HOLD,1,knife
i1ca9d7188f107,1,12,HOLD,1,spoon
c99078384i114,1,12,HOLD,1,knife
d3acd9175eg149,1,12,HOLD,1,knife
h24777018dg20,2,12,HOLD,2,bowl
j35743ca18a25,2,12,HOLD,2,knife
cc59249dfh124,2,12,HOLD,1,spoon
b158b3ad37c133,2,12,HOLD,1,bowl
b34f7b2fa3i144,2,12,HOLD,1,spoon
j6cb16fb1e32,3,12,HOLD,1,Cookware
d1bcc14e98e30,3,12,HOLD,1,knife
i1a1efefb6g44,3,12,HOLD,1,knife
f25defc94df43,3,12,HOLD,1,
j29a103792h57,3,12,HOLD,1,Knife
d276a5c814b66,3,12,HOLD,2,knife
j3708afc66d65,3,12,HOLD,1,pan
i300dd5e1eb83,3,12,HOLD,1,spoon
i189f41130f93,3,12,HOLD,2,knife
d1d235fc8a128,3,12,HOLD,1,knife
h323e457b9j1,4,12,HOLD,1,knife
f20ebd4d07c26,4,12,HOLD,1,knife
a3a35572b4f51,4,12,HOLD,1,plate
iadff15f5b67,4,12,HOLD,1,plate
d3dfd656adh69,4,12,HOLD,2,plate
j34928546c90,4,12,HOLD,1,plate
a30f37480fj103,4,12,HOLD,1,knife
g3bc9345b9g113,4,12,HOLD,3,knife
d3e3162d8ac123,4,12,HOLD,7,knife
d3df547c1e126,4,12,HOLD,2,knife
i3803030a8c6,5,12,HOLD,1,knife
h3f6abaa1i19,5,12,HOLD,1,knife
h39892a2fdc39,5,12,HOLD,1,knife
da75c7acfj63,5,12,HOLD,1,pot
d1f1086451e87,5,12,HOLD,1,pot
d178c68f02a147,5,12,HOLD,1,spoon
f46087587g60,6,12,HOLD,1,spoon
h37a92ce7cj64,6,12,HOLD,1,knife
g23dd0089g68,6,12,HOLD,1,pot
a3a1b02ba4h52,6,12,HOLD,1,plate
i1cebdd247h101,6,12,HOLD,1,spoon
h17967ac64e96,6,12,HOLD,1,bowl
b34146c379f102,6,12,HOLD,7,knife
b22422736bc116,6,12,HOLD,1,Knife
e3844821bca131,6,12,HOLD,1,spoon
g2b92625ch132,6,12,HOLD,1,plate
f3cdba4da3h17,7,12,HOLD,1,knife
j58cb1481c58,7,12,HOLD,1,plate
b112f50a07f62,7,12,HOLD,1,knife
c1de0a4d6ea77,7,12,HOLD,1,spoon
a873b031di80,7,12,HOLD,1,bowl
j2169f7b20e111,7,12,HOLD,2,bowl
h1ec5b4368a27,8,12,HOLD,1,plate
b2aa3461a3b53,8,12,HOLD,2,Knife
f10275b665c34,8,12,HOLD,1,bowl
f35df49326d72,8,12,HOLD,1,knife
f20136b2e4g97,8,12,HOLD,1,plate
h1589ff72bd125,8,12,HOLD,1,spatula
g31c9a40b4b135,8,12,HOLD,1,knife
c2803750d3b140,8,12,HOLD,1,knife
g3b8dcf173h138,8,12,HOLD,1,bowl
c27875b05ai141,8,12,HOLD,1,spoon
a34f17063ej16,9,12,HOLD,1,knife
d27f05317bb22,9,12,HOLD,1,plate
g303eb302f42,9,12,HOLD,1,knife
e16b76e266j85,9,12,HOLD,1,bowl
hb6b438f0f95,9,12,HOLD,1,knife
f350cd72bfe118,9,12,HOLD,1,spoon
h1b622cfe3c37,10,12,HOLD,1,spoon
c2809c51aca40,10,12,HOLD,1,spatula
c3cb2614b5a23,10,12,HOLD,1,spatula
c10344ccai47,10,12,HOLD,4,
j22e02e1c5a105,10,12,HOLD,1,spoon
a25ef7e946a117,10,12,HOLD,6,utensils
g35b7a02b6c127,10,12,HOLD,1,knife
i2c9bbbd60b14,11,12,HOLD,2,Kitchen items
g1af8b6c1j18,11,12,HOLD,1,knife
d25f6197e7d7,11,12,HOLD,1,knife
g187df9288i45,11,12,HOLD,1,knife
i2c3095d87i41,11,12,HOLD,2,spoon
i13a5e2f60f50,11,12,HOLD,2,spatula
j117b9dbeca76,11,12,HOLD,1,spoon
j3b3d8dbc3j89,11,12,HOLD,3,knife
d320280bf3e86,11,12,HOLD,1,knife
f15393a8c6b110,11,12,HOLD,1,spoon
e5232e449a108,11,12,HOLD,1,bowl
a376dccc4cj143,11,12,HOLD,1,spoon
a23fcf13ef142,11,12,HOLD,1,knife
a34f17063ej16,0,11,KICK,1,tire
d1bcc14e98e30,0,11,KICK,1,ball
h1b622cfe3c37,0,11,KICK,1,tire
j58cb1481c58,0,11,KICK,4,log
d3dfd656adh69,0,11,KICK,4,ball
i300dd5e1eb83,0,11,KICK,2,can
i1cebdd247h101,0,11,KICK,4,can
g3bc9345b9g113,0,11,KICK,5,tape
g31c9a40b4b135,0,11,KICK,1,can
g3b8dcf173h138,0,11,KICK,1,ball
d24bf2a3d0d10,1,11,KICK,3,ball
h1ec5b4368a27,1,11,KICK,4,tire
g187df9288i45,1,11,KICK,1,tire
h37a92ce7cj64,1,11,KICK,1,can
d276a5c814b66,1,11,KICK,3,tire
g23dd0089g68,1,11,KICK,4,rolling pin
j117b9dbeca76,1,11,KICK,2,ball
e16b76e266j85,1,11,KICK,2,ball
d320280bf3e86,1,11,KICK,2,ball
f20136b2e4g97,1,11,KICK,1,ball
b158b3ad37c133,1,11,KICK,2,tire
c2803750d3b140,1,11,KICK,1,can
c27875b05ai141,1,11,KICK,1,tire
a23fcf13ef142,1,11,KICK,2,ball
hcb7212b6d3,2,11,KICK,3,sue
h323e457b9j1,2,11,KICK,2,tire
g1af8b6c1j18,2,11,KICK,4,can
i2c3095d87i41,2,11,KICK,2,ball
a3a1b02ba4h52,2,11,KICK,7,tape
a873b031di80,2,11,KICK,1,ball
j34928546c90,2,11,KICK,4,Tape
j22e02e1c5a105,2,11,KICK,1,tire
f15393a8c6b110,2,11,KICK,1,can
c99078384i114,2,11,KICK,4,ball
a376dccc4cj143,2,11,KICK,3,rolling pin
d3acd9175eg149,2,11,KICK,1,ball
b2aa3461a3b53,3,11,KICK,3,Tire
hab993c7db49,3,11,KICK,1,can
f10275b665c34,3,11,KICK,4,ball
iadff15f5b67,3,11,KICK,6,tire
j3b3d8dbc3j89,3,11,KICK,4,can
a30f37480fj103,3,11,KICK,4,ball
f350cd72bfe118,3,11,KICK,4,tape
h1589ff72bd125,3,11,KICK,1,ball
d3df547c1e126,3,11,KICK,2,ball
j35743ca18a25,4,11,KICK,3,ball
b112f50a07f62,4,11,KICK,4,can
f35df49326d72,4,11,KICK,2,ball
e5232e449a108,4,11,KICK,4,tire
g35b7a02b6c127,4,11,KICK,4,tire
d25f6197e7d7,5,11,KICK,1,tire
g303eb302f42,5,11,KICK,4,tire
g21000ae7bi75,5,11,KICK,4,can
d1de0ca994j73,5,11,KICK,1,ball
i189f41130f93,5,11,KICK,2,tire
h17967ac64e96,5,11,KICK,1,ball
j3909c747eb106,5,11,KICK,4,tire
i2c9bbbd60b14,6,11,KICK,3,Round items
f20ebd4d07c26,6,11,KICK,1,tire
f25defc94df43,6,11,KICK,1,ball
c2df077c10g91,6,11,KICK,3,tire
i285a0f81ai120,6,11,KICK,1,ball
b34f7b2fa3i144,6,11,KICK,1,
c2809c51aca40,7,11,KICK,4,rolling pin
i1a1efefb6g44,7,11,KICK,4,tire
d10803bd2f82,7,11,KICK,1,ball
d3cd9c1ebb112,7,11,KICK,1,Tire
a25ef7e946a117,7,11,KICK,5,round objects
d1d235fc8a128,7,11,KICK,3,can
g2b92625ch132,7,11,KICK,7,rolling pin
i3803030a8c6,8,11,KICK,1,ball
h39892a2fdc39,8,11,KICK,4,tape
c3cb2614b5a23,8,11,KICK,4,ball
b5e4c38f0d35,8,11,KICK,4,rolling pin
i13a5e2f60f50,8,11,KICK,1,ball
c10344ccai47,8,11,KICK,5,glass
j3708afc66d65,8,11,KICK,4,tire
d1f1086451e87,8,11,KICK,6,tape
hb6b438f0f95,8,11,KICK,2,tire
j2169f7b20e111,8,11,KICK,4,tire
d3e3162d8ac123,8,11,KICK,1,ball
cc59249dfh124,8,11,KICK,2,ball
f21e3abc0cg8,9,11,KICK,2,ball
f3cdba4da3h17,9,11,KICK,3,tire
a3a35572b4f51,9,11,KICK,2,ball
da75c7acfj63,9,11,KICK,1,can
f46087587g60,9,11,KICK,7,tape
b34146c379f102,9,11,KICK,7,tire
e3844821bca131,9,11,KICK,2,ball
d178c68f02a147,9,11,KICK,1,can
h24777018dg20,10,11,KICK,5,tire
d3ca2a9c8db36,10,11,KICK,1,ball
a380ac904ba48,10,11,KICK,1,Ball
g38b708094f46,10,11,KICK,2,tire
j29a103792h57,10,11,KICK,6,rolling pin
b22422736bc116,10,11,KICK,2,Ball
d27f05317bb22,11,11,KICK,3,can
h3f6abaa1i19,11,11,KICK,2,rolling pin
j6cb16fb1e32,11,11,KICK,1,Cylinders
c1de0a4d6ea77,11,11,KICK,1,tire
i1ca9d7188f107,11,11,KICK,1,ball
g187df9288i45,0,7,POUR,1,soda
g38b708094f46,0,7,POUR,1,drink
i1a1efefb6g44,0,7,POUR,1,bottled water
d1de0ca994j73,0,7,POUR,2,soda
b158b3ad37c133,0,7,POUR,1,coffee
a34f17063ej16,1,7,POUR,1,water
h1b622cfe3c37,1,7,POUR,1,can
a3a1b02ba4h52,1,7,POUR,1,water
i300dd5e1eb83,1,7,POUR,2,cup
f350cd72bfe118,1,7,POUR,1,coffee
g2b92625ch132,1,7,POUR,1,Soda
d178c68f02a147,1,7,POUR,1,water
h3f6abaa1i19,2,7,POUR,1,water
g23dd0089g68,2,7,POUR,1,water
j3909c747eb106,2,7,POUR,1,cup
i285a0f81ai120,2,7,POUR,1,bottle of water
hcb7212b6d3,3,7,POUR,4,sue
h323e457b9j1,3,7,POUR,1,cup
f21e3abc0cg8,3,7,POUR,2,can of soda
d25f6197e7d7,3,7,POUR,1,water
e16b76e266j85,3,7,POUR,2,water
f20136b2e4g97,3,7,POUR,1,water
i1ca9d7188f107,3,7,POUR,1,coffee
b34146c379f102,3,7,POUR,4,water
a23fcf13ef142,3,7,POUR,1,water bottle
i3803030a8c6,4,7,POUR,1,juice
h39892a2fdc39,4,7,POUR,1,water
d1bcc14e98e30,4,7,POUR,1,can
h37a92ce7cj64,4,7,POUR,1,water
d320280bf3e86,4,7,POUR,1,water
i2c9bbbd60b14,5,7,POUR,1,Beverages
f3cdba4da3h17,5,7,POUR,1,water
d3ca2a9c8db36,5,7,POUR,1,water
a380ac904ba48,5,7,POUR,1,Soda
f25defc94df43,5,7,POUR,1,
f35df49326d72,5,7,POUR,1,can of soda
j34928546c90,5,7,POUR,1,soda
e5232e449a108,5,7,POUR,2,coffee
e3844821bca131,5,7,POUR,1,pour coffee
c2803750d3b140,5,7,POUR,1,water
g3b8dcf173h138,5,7,POUR,2,water
c27875b05ai141,5,7,POUR,1,soda
h24777018dg20,6,7,POUR,4,
j35743ca18a25,6,7,POUR,2,water
g303eb302f42,6,7,POUR,1,coffee
i2c3095d87i41,6,7,POUR,2,water
a3a35572b4f51,6,7,POUR,1,water
j29a103792h57,6,7,POUR,1,Cup
da75c7acfj63,6,7,POUR,7,soda
j2169f7b20e111,6,7,POUR,2,coffee
f15393a8c6b110,6,7,POUR,1,water
g3bc9345b9g113,6,7,POUR,1,bottled water
h1589ff72bd125,6,7,POUR,1,water
d1d235fc8a128,6,7,POUR,1,water bottle
g35b7a02b6c127,6,7,POUR,2,water
g1af8b6c1j18,7,7,POUR,1,coffee
h1ec5b4368a27,7,7,POUR,1,water bottle
c10344ccai47,7,7,POUR,5,
j117b9dbeca76,7,7,POUR,1,coffee
c2df077c10g91,7,7,POUR,2,water
i189f41130f93,7,7,POUR,1,soda
b22422736bc116,7,7,POUR,1,Coffee
c99078384i114,7,7,POUR,1,can
d27f05317bb22,8,7,POUR,1,coffee
j6cb16fb1e32,8,7,POUR,1,Drinks
c2809c51aca40,8,7,POUR,3,soda
f46087587g60,8,7,POUR,4,hot liquid
iadff15f5b67,8,7,POUR,1,milk
a873b031di80,8,7,POUR,1,water bottle
a30f37480fj103,8,7,POUR,1,soda
d3cd9c1ebb112,8,7,POUR,1,Milk
a25ef7e946a117,8,7,POUR,3,drinks
d24bf2a3d0d10,9,7,POUR,2,coffee
b5e4c38f0d35,9,7,POUR,1,water
b2aa3461a3b53,9,7,POUR,1,Soda
i13a5e2f60f50,9,7,POUR,1,soda
d3dfd656adh69,9,7,POUR,1,soda
g21000ae7bi75,9,7,POUR,2,soda
j3b3d8dbc3j89,9,7,POUR,3,water
j22e02e1c5a105,9,7,POUR,1,coffee
a376dccc4cj143,9,7,POUR,1,soda
hab993c7db49,10,7,POUR,1,water
f10275b665c34,10,7,POUR,1,water bottle
j3708afc66d65,10,7,POUR,1,coffee
b112f50a07f62,10,7,POUR,1,can
c1de0a4d6ea77,10,7,POUR,1,water
d10803bd2f82,10,7,POUR,1,coffee
hb6b438f0f95,10,7,POUR,1,soda
d3e3162d8ac123,10,7,POUR,1,water
g31c9a40b4b135,10,7,POUR,1,water
b34f7b2fa3i144,10,7,POUR,1,soda
d3acd9175eg149,10,7,POUR,1,coffee
f20ebd4d07c26,11,7,POUR,1,coffee
j58cb1481c58,11,7,POUR,1,mug
d276a5c814b66,11,7,POUR,1,water
d1f1086451e87,11,7,POUR,1,water
i1cebdd247h101,11,7,POUR,1,water
h17967ac64e96,11,7,POUR,1,coffee
d3df547c1e126,11,7,POUR,1,soda
cc59249dfh124,11,7,POUR,1,water
h24777018dg20,0,4,READ,1,magazine
f20ebd4d07c26,0,4,READ,1,magazine
b2aa3461a3b53,0,4,READ,1,MAgazine
iadff15f5b67,0,4,READ,2,book
g23dd0089g68,0,4,READ,1,newspaper
c2df077c10g91,0,4,READ,1,comic book
d1f1086451e87,0,4,READ,1,book
f20136b2e4g97,0,4,READ,1,newspaper
b34146c379f102,0,4,READ,1,newspaper
j2169f7b20e111,0,4,READ,1,comic
e5232e449a108,0,4,READ,1,comic
d3df547c1e126,0,4,READ,1,time
cc59249dfh124,0,4,READ,1,map
e3844821bca131,0,4,READ,1,book
h323e457b9j1,1,4,READ,1,books
f21e3abc0cg8,1,4,READ,1,newspaper
g1af8b6c1j18,1,4,READ,1,book
d27f05317bb22,1,4,READ,1,book
c2809c51aca40,1,4,READ,1,magazine
a380ac904ba48,1,4,READ,1,Book
hab993c7db49,1,4,READ,2,comic
j29a103792h57,1,4,READ,1,Map
f46087587g60,1,4,READ,1,comic
j3708afc66d65,1,4,READ,1,magazine
j3b3d8dbc3j89,1,4,READ,4,User Manual
j34928546c90,1,4,READ,1,User manual
a30f37480fj103,1,4,READ,1,user manual
d3cd9c1ebb112,1,4,READ,1,Newspaper
f15393a8c6b110,1,4,READ,1,magazine
g3b8dcf173h138,1,4,READ,1,magazine
i3803030a8c6,2,4,READ,1,Map
a34f17063ej16,2,4,READ,1,magazine
c3cb2614b5a23,2,4,READ,1,literature
d25f6197e7d7,2,4,READ,4,time
j6cb16fb1e32,2,4,READ,1,Reading materials
d1bcc14e98e30,2,4,READ,1,magazine
i13a5e2f60f50,2,4,READ,1,magazine
f10275b665c34,2,4,READ,1,newspaper
d3dfd656adh69,2,4,READ,1,newspaper
i189f41130f93,2,4,READ,1,newspaper
g35b7a02b6c127,2,4,READ,1,book
g2b92625ch132,2,4,READ,1,Daily News
h39892a2fdc39,3,4,READ,1,newspaper
h37a92ce7cj64,3,4,READ,1,Time magazine
j22e02e1c5a105,3,4,READ,1,comic
c99078384i114,3,4,READ,1,book
g3bc9345b9g113,3,4,READ,1,book
d3e3162d8ac123,3,4,READ,7,book
g26125a159f130,3,4,READ,3,
i2c9bbbd60b14,4,4,READ,1,Reading material
f25defc94df43,4,4,READ,1,
d10803bd2f82,4,4,READ,1,newspaper 
hb6b438f0f95,4,4,READ,1,comic
j35743ca18a25,5,4,READ,1,magazine
g187df9288i45,5,4,READ,1,newspaper
c10344ccai47,5,4,READ,5,book
j117b9dbeca76,5,4,READ,1,book
i300dd5e1eb83,5,4,READ,2,book
b22422736bc116,5,4,READ,1,Newspaper
f350cd72bfe118,5,4,READ,1,time
g31c9a40b4b135,5,4,READ,1,comics
d3acd9175eg149,5,4,READ,1,book
d24bf2a3d0d10,6,4,READ,1,magazine
h3f6abaa1i19,6,4,READ,1,comic
d3ca2a9c8db36,6,4,READ,1,newspaper
h1b622cfe3c37,6,4,READ,1,magazine
g38b708094f46,6,4,READ,1,book
b112f50a07f62,6,4,READ,1,comic book
c1de0a4d6ea77,6,4,READ,1,newspaper
a873b031di80,6,4,READ,1,newspaper
f35df49326d72,6,4,READ,1,user manual
d320280bf3e86,6,4,READ,1,book
a376dccc4cj143,6,4,READ,1,magazine
d178c68f02a147,6,4,READ,1,newspaper
d276a5c814b66,7,4,READ,1,newspaper
h17967ac64e96,7,4,READ,1,magazine
i1ca9d7188f107,7,4,READ,1,user manual
f3cdba4da3h17,8,4,READ,1,book
i2c3095d87i41,8,4,READ,1,
j58cb1481c58,8,4,READ,1,comic
da75c7acfj63,8,4,READ,4,user manual
g21000ae7bi75,8,4,READ,1,
e16b76e266j85,8,4,READ,1,book
i1cebdd247h101,8,4,READ,1,book
d1d235fc8a128,8,4,READ,1,map
b158b3ad37c133,8,4,READ,1,comic
a23fcf13ef142,8,4,READ,1,newspaper
b34f7b2fa3i144,8,4,READ,1,comic
hcb7212b6d3,9,4,READ,3,john
d1de0ca994j73,9,4,READ,1,book
a3a1b02ba4h52,9,4,READ,1,book
a25ef7e946a117,9,4,READ,4,liteature
h1589ff72bd125,9,4,READ,1,comics
c27875b05ai141,9,4,READ,1,map
h1ec5b4368a27,10,4,READ,1,magazine
g303eb302f42,10,4,READ,1,comic book
b5e4c38f0d35,10,4,READ,1,newspaper
i1a1efefb6g44,10,4,READ,1,Time magazine
c2803750d3b140,10,4,READ,1,manual
a3a35572b4f51,11,4,READ,1,magazine
j3909c747eb106,11,4,READ,1,newspaper
i285a0f81ai120,11,4,READ,1,newspaper
c2809c51aca40,0,5,ROLL,1,ball
i13a5e2f60f50,0,5,ROLL,1,tire
da75c7acfj63,0,5,ROLL,6,log
b112f50a07f62,0,5,ROLL,1,tire
c1de0a4d6ea77,0,5,ROLL,4,tire
h17967ac64e96,0,5,ROLL,1,ball
f15393a8c6b110,0,5,ROLL,1,ball
h1589ff72bd125,0,5,ROLL,1,ball
g26125a159f130,0,5,ROLL,1,Can
d178c68f02a147,0,5,ROLL,1,tire
d3acd9175eg149,0,5,ROLL,1,tire
i3803030a8c6,1,5,ROLL,1,Tire
g303eb302f42,1,5,ROLL,1,tape
f35df49326d72,1,5,ROLL,1,tire
d1f1086451e87,1,5,ROLL,2,ball
d3e3162d8ac123,1,5,ROLL,7,ball
i285a0f81ai120,1,5,ROLL,1,tire
e5232e449a108,1,5,ROLL,1,can
i2c9bbbd60b14,2,5,ROLL,1,Round items
f21e3abc0cg8,2,5,ROLL,2,ball
f25defc94df43,2,5,ROLL,1,
d1de0ca994j73,2,5,ROLL,1,ball
d10803bd2f82,2,5,ROLL,1,tire
a30f37480fj103,2,5,ROLL,1,tire
d1d235fc8a128,2,5,ROLL,1,tire
d27f05317bb22,3,5,ROLL,1,tire
g1af8b6c1j18,3,5,ROLL,3,tape
a3a35572b4f51,3,5,ROLL,1,ball
j58cb1481c58,3,5,ROLL,2,ball
j34928546c90,3,5,ROLL,4,Tire
j2169f7b20e111,3,5,ROLL,3,ball
h3f6abaa1i19,4,5,ROLL,1,tape
h1ec5b4368a27,4,5,ROLL,1,ball
g38b708094f46,4,5,ROLL,1,tire
j29a103792h57,4,5,ROLL,1,Ball
a3a1b02ba4h52,4,5,ROLL,3,log
i300dd5e1eb83,4,5,ROLL,1,tire
i1ca9d7188f107,4,5,ROLL,1,tire
f350cd72bfe118,4,5,ROLL,2,tire
cc59249dfh124,4,5,ROLL,1,ball
a23fcf13ef142,4,5,ROLL,2,rolling pin
h24777018dg20,5,5,ROLL,2,ball
c3cb2614b5a23,5,5,ROLL,1,cylinders
b5e4c38f0d35,5,5,ROLL,1,ball
a873b031di80,5,5,ROLL,7,can
c2df077c10g91,5,5,ROLL,3,ball
j22e02e1c5a105,5,5,ROLL,1,ball
a25ef7e946a117,5,5,ROLL,4,circular objects
g35b7a02b6c127,5,5,ROLL,3,ball
a380ac904ba48,6,5,ROLL,1,Ball
f10275b665c34,6,5,ROLL,2,can
iadff15f5b67,6,5,ROLL,1,tire
j3708afc66d65,6,5,ROLL,1,tire
j117b9dbeca76,6,5,ROLL,1,can
i189f41130f93,6,5,ROLL,2,ball
hcb7212b6d3,7,5,ROLL,4,sue
d24bf2a3d0d10,7,5,ROLL,2,tire
j6cb16fb1e32,7,5,ROLL,1,Cylinders
b2aa3461a3b53,7,5,ROLL,1,Ball
g21000ae7bi75,7,5,ROLL,2,log
hb6b438f0f95,7,5,ROLL,1,tire
d3df547c1e126,7,5,ROLL,1,can
b158b3ad37c133,7,5,ROLL,1,ball
c27875b05ai141,7,5,ROLL,1,ball
a376dccc4cj143,7,5,ROLL,3,ball
f20ebd4d07c26,8,5,ROLL,1,ball
d276a5c814b66,8,5,ROLL,1,ball
d3dfd656adh69,8,5,ROLL,2,log
j3909c747eb106,8,5,ROLL,1,ball
h323e457b9j1,9,5,ROLL,3,can
d25f6197e7d7,9,5,ROLL,1,tape
d3ca2a9c8db36,9,5,ROLL,1,ball
d1bcc14e98e30,9,5,ROLL,2,tire
i1a1efefb6g44,9,5,ROLL,2,ball
c10344ccai47,9,5,ROLL,6,
h37a92ce7cj64,9,5,ROLL,1,tire
d320280bf3e86,9,5,ROLL,2,ball
d3cd9c1ebb112,9,5,ROLL,1,Ball
c99078384i114,9,5,ROLL,2,ball
g2b92625ch132,9,5,ROLL,1,ball
c2803750d3b140,9,5,ROLL,1,ball
j35743ca18a25,10,5,ROLL,2,tire
g187df9288i45,10,5,ROLL,1,rolling pin
i2c3095d87i41,10,5,ROLL,2,tire
f46087587g60,10,5,ROLL,1,tire
g23dd0089g68,10,5,ROLL,1,tire
j3b3d8dbc3j89,10,5,ROLL,1,tire
i1cebdd247h101,10,5,ROLL,1,tire
b34146c379f102,10,5,ROLL,1,can
a34f17063ej16,11,5,ROLL,1,tire
f3cdba4da3h17,11,5,ROLL,3,tire
h39892a2fdc39,11,5,ROLL,1,rolling pin
h1b622cfe3c37,11,5,ROLL,1,tire
hab993c7db49,11,5,ROLL,1,log
e16b76e266j85,11,5,ROLL,1,tire
f20136b2e4g97,11,5,ROLL,1,tape
b22422736bc116,11,5,ROLL,1,Tape
g3bc9345b9g113,11,5,ROLL,1,ball
e3844821bca131,11,5,ROLL,1,ball
g31c9a40b4b135,11,5,ROLL,1,ball
g3b8dcf173h138,11,5,ROLL,3,tire
b34f7b2fa3i144,11,5,ROLL,1,ball
f3cdba4da3h17,0,8,THROW,3,apple
a3a35572b4f51,0,8,THROW,1,apple
e16b76e266j85,0,8,THROW,7,orange
j34928546c90,0,8,THROW,1,strawberry
hb6b438f0f95,0,8,THROW,6,banana
b22422736bc116,0,8,THROW,1,Grapes
g2b92625ch132,0,8,THROW,4,Apple
j6cb16fb1e32,1,8,THROW,1,Fruit
a873b031di80,1,8,THROW,1,apple
g303eb302f42,2,8,THROW,4,apple
h1b622cfe3c37,2,8,THROW,3,apple
hab993c7db49,2,8,THROW,5,grape
j29a103792h57,2,8,THROW,2,Apple
f46087587g60,2,8,THROW,7,watermelon
j3708afc66d65,2,8,THROW,4,apple
g21000ae7bi75,2,8,THROW,4,watermelon
d1f1086451e87,2,8,THROW,4,bananas
h3f6abaa1i19,3,8,THROW,5,banana
f20ebd4d07c26,3,8,THROW,4,strawberry
c10344ccai47,3,8,THROW,6,
b112f50a07f62,3,8,THROW,7,banana
d10803bd2f82,3,8,THROW,2,banana
d320280bf3e86,3,8,THROW,4,watermelon
c2df077c10g91,3,8,THROW,4,strawberry
h17967ac64e96,3,8,THROW,1,bananas
j3909c747eb106,3,8,THROW,4,bananas
g35b7a02b6c127,3,8,THROW,4,grapes
b34f7b2fa3i144,3,8,THROW,2,apple
f10275b665c34,4,8,THROW,6,apple
d276a5c814b66,4,8,THROW,4,orange
c1de0a4d6ea77,4,8,THROW,4,banana
f20136b2e4g97,4,8,THROW,4,apple
j2169f7b20e111,4,8,THROW,6,apple
h1589ff72bd125,4,8,THROW,1,apple
g3b8dcf173h138,4,8,THROW,4,grapes
a376dccc4cj143,4,8,THROW,7,grapes
f21e3abc0cg8,5,8,THROW,4,apple
d24bf2a3d0d10,5,8,THROW,6,grapes
h1ec5b4368a27,5,8,THROW,5,orange
g38b708094f46,5,8,THROW,4,orange
d3dfd656adh69,5,8,THROW,5,grapes
d27f05317bb22,6,8,THROW,4,orange
d1bcc14e98e30,6,8,THROW,7,bananas
i1a1efefb6g44,6,8,THROW,3,watermelon
j58cb1481c58,6,8,THROW,7,apple
d1de0ca994j73,6,8,THROW,4,orange
j3b3d8dbc3j89,6,8,THROW,4,apple
j22e02e1c5a105,6,8,THROW,4,apple
f350cd72bfe118,6,8,THROW,6,apple
d3e3162d8ac123,6,8,THROW,7,banana
d3df547c1e126,6,8,THROW,5,banana
g31c9a40b4b135,6,8,THROW,1,apple
d3acd9175eg149,6,8,THROW,4,bananas
i2c9bbbd60b14,7,8,THROW,6,Fruit
a34f17063ej16,7,8,THROW,4,apple
da75c7acfj63,7,8,THROW,7,fruit
g23dd0089g68,7,8,THROW,7,grapes
b34146c379f102,7,8,THROW,7,banana
g3bc9345b9g113,7,8,THROW,4,bananas
c2803750d3b140,7,8,THROW,4,watermelon
a23fcf13ef142,7,8,THROW,7,apple
d3ca2a9c8db36,8,8,THROW,2,apple
a380ac904ba48,8,8,THROW,5,Orange
i300dd5e1eb83,8,8,THROW,5,orange
i1ca9d7188f107,8,8,THROW,4,banana
e3844821bca131,8,8,THROW,4,apple
h24777018dg20,9,8,THROW,6,banana
j35743ca18a25,9,8,THROW,5,watermelon
h39892a2fdc39,9,8,THROW,4,apple
c2809c51aca40,9,8,THROW,5,bananas
g187df9288i45,9,8,THROW,7,watermelon
i2c3095d87i41,9,8,THROW,5,orange
c3cb2614b5a23,9,8,THROW,4,apple
f25defc94df43,9,8,THROW,7,fruit
iadff15f5b67,9,8,THROW,7,apple
j117b9dbeca76,9,8,THROW,2,apple
i1cebdd247h101,9,8,THROW,3,apple
f15393a8c6b110,9,8,THROW,4,bananas
e5232e449a108,9,8,THROW,5,apple
cc59249dfh124,9,8,THROW,6,apple
g1af8b6c1j18,10,8,THROW,6,watermelon
d25f6197e7d7,10,8,THROW,3,orange
i13a5e2f60f50,10,8,THROW,4,bananna
a3a1b02ba4h52,10,8,THROW,5,watermelon
a30f37480fj103,10,8,THROW,6,apple
d3cd9c1ebb112,10,8,THROW,4,Bananas
i285a0f81ai120,10,8,THROW,1,apple
d1d235fc8a128,10,8,THROW,5,watermelon
c27875b05ai141,10,8,THROW,4,apple
d178c68f02a147,10,8,THROW,1,strawberry
hcb7212b6d3,11,8,THROW,4,sue
h323e457b9j1,11,8,THROW,4,apple
i3803030a8c6,11,8,THROW,3,grapes
b5e4c38f0d35,11,8,THROW,3,orange
b2aa3461a3b53,11,8,THROW,5,Apple
h37a92ce7cj64,11,8,THROW,2,apple
f35df49326d72,11,8,THROW,4,strawberry
i189f41130f93,11,8,THROW,5,apple
c99078384i114,11,8,THROW,5,apple
a25ef7e946a117,11,8,THROW,7,food
b158b3ad37c133,11,8,THROW,5,watermelon
b5e4c38f0d35,0,9,TOUCH,1,cat
f10275b665c34,0,9,TOUCH,1,dog
f46087587g60,0,9,TOUCH,1,cat
d10803bd2f82,0,9,TOUCH,1,cat
a25ef7e946a117,0,9,TOUCH,3,animals
d3e3162d8ac123,0,9,TOUCH,7,kitten
j35743ca18a25,1,9,TOUCH,2,cat
h3f6abaa1i19,1,9,TOUCH,1,sheep
d1bcc14e98e30,1,9,TOUCH,1,cat
i2c3095d87i41,1,9,TOUCH,2,Sheep
f25defc94df43,1,9,TOUCH,1,
b2aa3461a3b53,1,9,TOUCH,1,Duck
j22e02e1c5a105,1,9,TOUCH,1,bunny
h17967ac64e96,1,9,TOUCH,1,cat
j3909c747eb106,1,9,TOUCH,1,animals
g26125a159f130,1,9,TOUCH,2,Sheep
f20ebd4d07c26,2,9,TOUCH,1,sheep
d3ca2a9c8db36,2,9,TOUCH,1,cat
da75c7acfj63,2,9,TOUCH,4,rabbit
h37a92ce7cj64,2,9,TOUCH,1,dog
e16b76e266j85,2,9,TOUCH,1,dog
j3b3d8dbc3j89,2,9,TOUCH,2,cat
j2169f7b20e111,2,9,TOUCH,2,duck
e3844821bca131,2,9,TOUCH,1,dog
a23fcf13ef142,2,9,TOUCH,1,dog
i2c9bbbd60b14,3,9,TOUCH,1,Animals
f3cdba4da3h17,3,9,TOUCH,1,dog
c2809c51aca40,3,9,TOUCH,2,duck
g21000ae7bi75,3,9,TOUCH,1,rabbit
a873b031di80,3,9,TOUCH,1,cat
d1f1086451e87,3,9,TOUCH,1,bunny
hb6b438f0f95,3,9,TOUCH,1,pig
i1cebdd247h101,3,9,TOUCH,1,cat
d3cd9c1ebb112,3,9,TOUCH,1,Rabbit
b22422736bc116,3,9,TOUCH,1,Dog
f21e3abc0cg8,4,9,TOUCH,2,puppy
d24bf2a3d0d10,4,9,TOUCH,1,pig
d25f6197e7d7,4,9,TOUCH,2,sheep
g187df9288i45,4,9,TOUCH,3,bunny
i1a1efefb6g44,4,9,TOUCH,2,duck
i13a5e2f60f50,4,9,TOUCH,1,duck
i285a0f81ai120,4,9,TOUCH,1,dog
d1d235fc8a128,4,9,TOUCH,1,
g31c9a40b4b135,4,9,TOUCH,1,dog
c2803750d3b140,4,9,TOUCH,1,dog
h323e457b9j1,5,9,TOUCH,3,pig
g23dd0089g68,5,9,TOUCH,1,dog
b34146c379f102,5,9,TOUCH,4,pig
g3bc9345b9g113,5,9,TOUCH,2,pig
h1589ff72bd125,5,9,TOUCH,1,duck
b158b3ad37c133,5,9,TOUCH,1,dog
a376dccc4cj143,5,9,TOUCH,1,puppy
b34f7b2fa3i144,5,9,TOUCH,1,dog
g1af8b6c1j18,6,9,TOUCH,2,bunny
j6cb16fb1e32,6,9,TOUCH,1,Animals
c3cb2614b5a23,6,9,TOUCH,1,animals
i1ca9d7188f107,6,9,TOUCH,1,bunny
cc59249dfh124,6,9,TOUCH,2,cat
g3b8dcf173h138,6,9,TOUCH,1,dog
c27875b05ai141,6,9,TOUCH,1,sheep
iadff15f5b67,7,9,TOUCH,1,rabbit
j3708afc66d65,7,9,TOUCH,3,cat
d1de0ca994j73,7,9,TOUCH,1,cat
f15393a8c6b110,7,9,TOUCH,1,bunny
hcb7212b6d3,8,9,TOUCH,4,kareem
g38b708094f46,8,9,TOUCH,1,
a3a35572b4f51,8,9,TOUCH,1,cat
j117b9dbeca76,8,9,TOUCH,1,duck
c2df077c10g91,8,9,TOUCH,3,pig
c99078384i114,8,9,TOUCH,1,dog
f350cd72bfe118,8,9,TOUCH,1,cat
g2b92625ch132,8,9,TOUCH,1,kitten
d3acd9175eg149,8,9,TOUCH,1,dog
i3803030a8c6,9,9,TOUCH,1,dog
h1b622cfe3c37,9,9,TOUCH,1,kitten
hab993c7db49,9,9,TOUCH,1,pig
d276a5c814b66,9,9,TOUCH,2,dog
b112f50a07f62,9,9,TOUCH,2,rabbit
c1de0a4d6ea77,9,9,TOUCH,1,kitten
f35df49326d72,9,9,TOUCH,1,duck
i300dd5e1eb83,9,9,TOUCH,2,pig
g35b7a02b6c127,9,9,TOUCH,1,cat
a34f17063ej16,10,9,TOUCH,1,duck
d27f05317bb22,10,9,TOUCH,4,duck
h39892a2fdc39,10,9,TOUCH,1,cat
j58cb1481c58,10,9,TOUCH,1,duck
d3dfd656adh69,10,9,TOUCH,1,cat
d320280bf3e86,10,9,TOUCH,1,kitten
f20136b2e4g97,10,9,TOUCH,1,duck
i189f41130f93,10,9,TOUCH,2,pig
e5232e449a108,10,9,TOUCH,1,cat
d3df547c1e126,10,9,TOUCH,2,dog
h24777018dg20,11,9,TOUCH,2,kitten
h1ec5b4368a27,11,9,TOUCH,1,pig
g303eb302f42,11,9,TOUCH,1,pig
a380ac904ba48,11,9,TOUCH,1,Kitten
j29a103792h57,11,9,TOUCH,1,bunny
c10344ccai47,11,9,TOUCH,5,
a3a1b02ba4h52,11,9,TOUCH,3,lamb
j34928546c90,11,9,TOUCH,1,dog
a30f37480fj103,11,9,TOUCH,3,pig
d178c68f02a147,11,9,TOUCH,1,duck
i2c9bbbd60b14,0,6,WASH,1,Kitchenware
h1ec5b4368a27,0,6,WASH,1,pot
a3a1b02ba4h52,0,6,WASH,1,plate
c27875b05ai141,0,6,WASH,1,knife
a23fcf13ef142,0,6,WASH,1,bowl
b34f7b2fa3i144,0,6,WASH,1,spoon
b112f50a07f62,1,6,WASH,6,knife
c1de0a4d6ea77,1,6,WASH,1,bowl
i189f41130f93,1,6,WASH,2,plate
b34146c379f102,1,6,WASH,6,knife
j2169f7b20e111,1,6,WASH,1,bowl
b22422736bc116,1,6,WASH,1,Spoon
a25ef7e946a117,1,6,WASH,3,utensils
h1589ff72bd125,1,6,WASH,1,pot
g31c9a40b4b135,1,6,WASH,1,bowl
f3cdba4da3h17,2,6,WASH,1,bowl
i1cebdd247h101,2,6,WASH,1,plate
i1ca9d7188f107,2,6,WASH,1,bowl
d3cd9c1ebb112,2,6,WASH,1,Plate
f350cd72bfe118,2,6,WASH,1,knife
g3bc9345b9g113,2,6,WASH,1,plate
d3e3162d8ac123,2,6,WASH,7,bowl
e5232e449a108,2,6,WASH,1,bowl
a34f17063ej16,3,6,WASH,1,bowl
b5e4c38f0d35,3,6,WASH,1,bowl
i285a0f81ai120,3,6,WASH,1,bowl
b158b3ad37c133,3,6,WASH,1,pot
c2803750d3b140,3,6,WASH,1,spoon
d27f05317bb22,4,6,WASH,1,knife
h24777018dg20,4,6,WASH,1,knife
j6cb16fb1e32,4,6,WASH,1,Cookware
d3ca2a9c8db36,4,6,WASH,1,bowl
a380ac904ba48,4,6,WASH,1,Bowl
c10344ccai47,4,6,WASH,5,
f46087587g60,4,6,WASH,4,knife
da75c7acfj63,4,6,WASH,1,dishes
j117b9dbeca76,4,6,WASH,1,bowl
a873b031di80,4,6,WASH,1,bowl
j22e02e1c5a105,4,6,WASH,1,knife
f15393a8c6b110,4,6,WASH,1,pot
e3844821bca131,4,6,WASH,1,spoon
f20ebd4d07c26,5,6,WASH,1,pot
d1bcc14e98e30,5,6,WASH,1,bowl
i2c3095d87i41,5,6,WASH,1,pot
a3a35572b4f51,5,6,WASH,1,bowl
b2aa3461a3b53,5,6,WASH,2,Dish
f10275b665c34,5,6,WASH,1,plate
j29a103792h57,5,6,WASH,1,Pot
e16b76e266j85,5,6,WASH,1,plate
hb6b438f0f95,5,6,WASH,1,plate
hcb7212b6d3,6,6,WASH,4,carol
h39892a2fdc39,6,6,WASH,1,knife
i13a5e2f60f50,6,6,WASH,1,knife
hab993c7db49,6,6,WASH,1,plate
d1f1086451e87,6,6,WASH,1,plate
f20136b2e4g97,6,6,WASH,1,bowl
c99078384i114,6,6,WASH,1,knife
h323e457b9j1,7,6,WASH,3,knife
j35743ca18a25,7,6,WASH,1,pot
d25f6197e7d7,7,6,WASH,1,pot
g38b708094f46,7,6,WASH,1,plate
c3cb2614b5a23,7,6,WASH,1,knife
d320280bf3e86,7,6,WASH,1,bowl
i300dd5e1eb83,7,6,WASH,1,pot
d178c68f02a147,7,6,WASH,1,knife
h3f6abaa1i19,8,6,WASH,1,plate
g303eb302f42,8,6,WASH,1,knife
h1b622cfe3c37,8,6,WASH,1,pot
g187df9288i45,8,6,WASH,1,plate
j3b3d8dbc3j89,8,6,WASH,3,pot
a376dccc4cj143,8,6,WASH,1,knife
g1af8b6c1j18,9,6,WASH,1,pot
j58cb1481c58,9,6,WASH,1,spatula
d10803bd2f82,9,6,WASH,1,bowl
a30f37480fj103,9,6,WASH,1,spoon
d3df547c1e126,9,6,WASH,1,knife
d3acd9175eg149,9,6,WASH,1,dish
f21e3abc0cg8,10,6,WASH,1,bowl
i3803030a8c6,10,6,WASH,1,plate
h37a92ce7cj64,10,6,WASH,1,bowl
d276a5c814b66,10,6,WASH,1,bowl
g21000ae7bi75,10,6,WASH,1,spatula
f35df49326d72,10,6,WASH,1,plate
j34928546c90,10,6,WASH,1,knife
h17967ac64e96,10,6,WASH,1,bowl
j3909c747eb106,10,6,WASH,1,knife
cc59249dfh124,10,6,WASH,1,plate
g2b92625ch132,10,6,WASH,1,spoon
g3b8dcf173h138,10,6,WASH,1,knife
d24bf2a3d0d10,11,6,WASH,1,knife
c2809c51aca40,11,6,WASH,1,bowl
i1a1efefb6g44,11,6,WASH,1,plate
f25defc94df43,11,6,WASH,1,
iadff15f5b67,11,6,WASH,1,spoon
j3708afc66d65,11,6,WASH,1,pan
g23dd0089g68,11,6,WASH,1,spoon
d3dfd656adh69,11,6,WASH,1,knife
d1de0ca994j73,11,6,WASH,1,pot
c2df077c10g91,11,6,WASH,1,bowl
d1d235fc8a128,11,6,WASH,1,plate
g35b7a02b6c127,11,6,WASH,1,plate
