HITId,HITTypeId,Title,Description,Keywords,Reward,CreationTime,MaxAssignments,RequesterAnnotation,AssignmentDurationInSeconds,AutoApprovalDelayInSeconds,Expiration,NumberOfSimilarHITs,LifetimeInSeconds,AssignmentId,WorkerId,AssignmentStatus,AcceptTime,SubmitTime,AutoApprovalTime,ApprovalTime,RejectionTime,RequesterFeedback,WorkTimeInSeconds,LifetimeApprovalRate,Last30DaysApprovalRate,Last7DaysApprovalRate,Answer.Comments,Answer.English,Answer.country,Answer.payCode,VideoProblem
2DYKCCVLL3CAA8OEYUH4H9NR777X7U,2CZ6RLPHIT3H21CS8NX2SJQ21699HG,Tell us what's happening! Code Name: SNAZZY POTATO,Write very short descriptions of cartoon scenes,"langauge, survey, study, research",$1.00 ,Wed Nov 21 15:43:45 GMT 2012,100,BatchId:969617;,3600,604800,Wed Nov 28 15:43:45 GMT 2012,,,20AHPCGJ2D21V8Y2LMRJUPSK6LNA4P,A2BCUD8ZRBEGVD,Submitted,Wed Nov 21 15:51:30 GMT 2012,Wed Nov 21 16:05:08 GMT 2012,Wed Nov 28 08:05:08 PST 2012,,,,818,0% (0/0),0% (0/0),0% (0/0),,yes,USA,d1bcc14e98e30,FALSE
2DYKCCVLL3CAA8OEYUH4H9NR777X7U,2CZ6RLPHIT3H21CS8NX2SJQ21699HG,Tell us what's happening! Code Name: SNAZZY POTATO,Write very short descriptions of cartoon scenes,"langauge, survey, study, research",$1.00 ,Wed Nov 21 15:43:45 GMT 2012,100,BatchId:969617;,3600,604800,Wed Nov 28 15:43:45 GMT 2012,,,20W5UUKQOYGNP13KGDFG5109WW9XF8,AT4GVCNFQFDMM,Submitted,Wed Nov 21 16:28:19 GMT 2012,Wed Nov 21 16:39:22 GMT 2012,Wed Nov 28 08:39:22 PST 2012,,,,663,0% (0/0),0% (0/0),0% (0/0),,yes,USA,c99078384i114,FALSE
2DYKCCVLL3CAA8OEYUH4H9NR777X7U,2CZ6RLPHIT3H21CS8NX2SJQ21699HG,Tell us what's happening! Code Name: SNAZZY POTATO,Write very short descriptions of cartoon scenes,"langauge, survey, study, research",$1.00 ,Wed Nov 21 15:43:45 GMT 2012,100,BatchId:969617;,3600,604800,Wed Nov 28 15:43:45 GMT 2012,,,21DPHIT3HVWA2PK3QSAQ71743AYCKJ,A2BCQMP2ZFDJ2P,Submitted,Wed Nov 21 15:47:47 GMT 2012,Wed Nov 21 15:58:28 GMT 2012,Wed Nov 28 07:58:28 PST 2012,,,,641,100% (1/1),100% (1/1),0% (0/0),,,USA,d27f05317bb22,FALSE
2DYKCCVLL3CAA8OEYUH4H9NR777X7U,2CZ6RLPHIT3H21CS8NX2SJQ21699HG,Tell us what's happening! Code Name: SNAZZY POTATO,Write very short descriptions of cartoon scenes,"langauge, survey, study, research",$1.00 ,Wed Nov 21 15:43:45 GMT 2012,100,BatchId:969617;,3600,604800,Wed Nov 28 15:43:45 GMT 2012,,,21DPHIT3HVWA2PK3QSAQ71743AZCKK,AT1USJRYO3LOJ,Submitted,Wed Nov 21 15:55:06 GMT 2012,Wed Nov 21 16:08:53 GMT 2012,Wed Nov 28 08:08:53 PST 2012,,,,827,0% (0/0),0% (0/0),0% (0/0),,yes,USA,i1a1efefb6g44,FALSE
2DYKCCVLL3CAA8OEYUH4H9NR777X7U,2CZ6RLPHIT3H21CS8NX2SJQ21699HG,Tell us what's happening! Code Name: SNAZZY POTATO,Write very short descriptions of cartoon scenes,"langauge, survey, study, research",$1.00 ,Wed Nov 21 15:43:45 GMT 2012,100,BatchId:969617;,3600,604800,Wed Nov 28 15:43:45 GMT 2012,,,21FDWIOV1S7SU8FQ4ZS33DZAR9HYJF,AVJ5KLRUSVZBI,Submitted,Wed Nov 21 15:57:58 GMT 2012,Wed Nov 21 16:09:00 GMT 2012,Wed Nov 28 08:09:00 PST 2012,,,,662,100% (3/3),0% (0/0),0% (0/0),Thanks,yes,USA,i13a5e2f60f50,FALSE
2DYKCCVLL3CAA8OEYUH4H9NR777X7U,2CZ6RLPHIT3H21CS8NX2SJQ21699HG,Tell us what's happening! Code Name: SNAZZY POTATO,Write very short descriptions of cartoon scenes,"langauge, survey, study, research",$1.00 ,Wed Nov 21 15:43:45 GMT 2012,100,BatchId:969617;,3600,604800,Wed Nov 28 15:43:45 GMT 2012,,,21KQV66RLPHI08JSKFMKN62PNRR6E1,A3G4O512F59PH0,Submitted,Wed Nov 21 15:54:46 GMT 2012,Wed Nov 21 16:06:03 GMT 2012,Wed Nov 28 08:06:03 PST 2012,,,,677,100% (1/1),100% (1/1),0% (0/0),Really interesting study!! Thanks!,yes,USA,g187df9288i45,FALSE
2DYKCCVLL3CAA8OEYUH4H9NR777X7U,2CZ6RLPHIT3H21CS8NX2SJQ21699HG,Tell us what's happening! Code Name: SNAZZY POTATO,Write very short descriptions of cartoon scenes,"langauge, survey, study, research",$1.00 ,Wed Nov 21 15:43:45 GMT 2012,100,BatchId:969617;,3600,604800,Wed Nov 28 15:43:45 GMT 2012,,,21U4SMEZZ2MIRRP6IDG9338V0XML4I,A1Q11V0F84LFU,Submitted,Wed Nov 21 15:51:42 GMT 2012,Wed Nov 21 16:11:03 GMT 2012,Wed Nov 28 08:11:03 PST 2012,,,,1161,100% (2/2),0% (0/0),0% (0/0),Interesting.  Good luck with your research.,yes,USA,f10275b665c34,FALSE
2DYKCCVLL3CAA8OEYUH4H9NR777X7U,2CZ6RLPHIT3H21CS8NX2SJQ21699HG,Tell us what's happening! Code Name: SNAZZY POTATO,Write very short descriptions of cartoon scenes,"langauge, survey, study, research",$1.00 ,Wed Nov 21 15:43:45 GMT 2012,100,BatchId:969617;,3600,604800,Wed Nov 28 15:43:45 GMT 2012,,,224M6IAA2SEI1ZWXOTHKPA4KMT3MMM,ANX3KV5T8B5WU,Submitted,Wed Nov 21 16:42:24 GMT 2012,Wed Nov 21 16:55:39 GMT 2012,Wed Nov 28 08:55:39 PST 2012,,,,795,100% (1/1),0% (0/0),0% (0/0),,yes,USA,c2803750d3b140,FALSE
2DYKCCVLL3CAA8OEYUH4H9NR777X7U,2CZ6RLPHIT3H21CS8NX2SJQ21699HG,Tell us what's happening! Code Name: SNAZZY POTATO,Write very short descriptions of cartoon scenes,"langauge, survey, study, research",$1.00 ,Wed Nov 21 15:43:45 GMT 2012,100,BatchId:969617;,3600,604800,Wed Nov 28 15:43:45 GMT 2012,,,22CMT6YTWX4HAM4MZ949EGI8MKGW19,ALAOLSVGB5Q6L,Submitted,Wed Nov 21 15:55:02 GMT 2012,Wed Nov 21 16:13:45 GMT 2012,Wed Nov 28 08:13:45 PST 2012,,,,1123,0% (0/0),0% (0/0),0% (0/0),good,yes,USA,c10344ccai47,FALSE
2DYKCCVLL3CAA8OEYUH4H9NR777X7U,2CZ6RLPHIT3H21CS8NX2SJQ21699HG,Tell us what's happening! Code Name: SNAZZY POTATO,Write very short descriptions of cartoon scenes,"langauge, survey, study, research",$1.00 ,Wed Nov 21 15:43:45 GMT 2012,100,BatchId:969617;,3600,604800,Wed Nov 28 15:43:45 GMT 2012,,,22KZVXX2Q45U1PSLMLEI11NUCP4Q8I,A195MOXRMNHRVT,Submitted,Wed Nov 21 15:45:27 GMT 2012,Wed Nov 21 15:58:47 GMT 2012,Wed Nov 28 07:58:47 PST 2012,,,,800,100% (8/8),100% (1/1),0% (0/0),,yes,USA,g1af8b6c1j18,FALSE
2DYKCCVLL3CAA8OEYUH4H9NR777X7U,2CZ6RLPHIT3H21CS8NX2SJQ21699HG,Tell us what's happening! Code Name: SNAZZY POTATO,Write very short descriptions of cartoon scenes,"langauge, survey, study, research",$1.00 ,Wed Nov 21 15:43:45 GMT 2012,100,BatchId:969617;,3600,604800,Wed Nov 28 15:43:45 GMT 2012,,,22LMOFXRDS4IJ6GV1SOJKM13E36WTH,A1VAJSMTRJD2YT,Submitted,Wed Nov 21 15:47:26 GMT 2012,Wed Nov 21 16:01:13 GMT 2012,Wed Nov 28 08:01:13 PST 2012,,,,827,0% (0/0),0% (0/0),0% (0/0),,,,h3f6abaa1i19,FALSE
2DYKCCVLL3CAA8OEYUH4H9NR777X7U,2CZ6RLPHIT3H21CS8NX2SJQ21699HG,Tell us what's happening! Code Name: SNAZZY POTATO,Write very short descriptions of cartoon scenes,"langauge, survey, study, research",$1.00 ,Wed Nov 21 15:43:45 GMT 2012,100,BatchId:969617;,3600,604800,Wed Nov 28 15:43:45 GMT 2012,,,22NGULF395SWDSIY3XUN3NJD2GRCQC,A1F4AK655MG5HG,Submitted,Wed Nov 21 15:55:19 GMT 2012,Wed Nov 21 16:05:36 GMT 2012,Wed Nov 28 08:05:36 PST 2012,,,,617,0% (0/0),0% (0/0),0% (0/0),This was very unique and fun to take!,yes,USA,a380ac904ba48,FALSE
2DYKCCVLL3CAA8OEYUH4H9NR777X7U,2CZ6RLPHIT3H21CS8NX2SJQ21699HG,Tell us what's happening! Code Name: SNAZZY POTATO,Write very short descriptions of cartoon scenes,"langauge, survey, study, research",$1.00 ,Wed Nov 21 15:43:45 GMT 2012,100,BatchId:969617;,3600,604800,Wed Nov 28 15:43:45 GMT 2012,,,22NGULF395SWDSIY3XUN3NJD2GUQCT,A3N22EBF6JJK5V,Submitted,Wed Nov 21 16:20:33 GMT 2012,Wed Nov 21 16:32:26 GMT 2012,Wed Nov 28 08:32:26 PST 2012,,,,713,0% (0/0),0% (0/0),0% (0/0),,yes,USA,j22e02e1c5a105,FALSE
2DYKCCVLL3CAA8OEYUH4H9NR777X7U,2CZ6RLPHIT3H21CS8NX2SJQ21699HG,Tell us what's happening! Code Name: SNAZZY POTATO,Write very short descriptions of cartoon scenes,"langauge, survey, study, research",$1.00 ,Wed Nov 21 15:43:45 GMT 2012,100,BatchId:969617;,3600,604800,Wed Nov 28 15:43:45 GMT 2012,,,22O6NG1FS3NYUODV366ZXZL41SVLZ0,A1J2P689DYIKRW,Submitted,Wed Nov 21 16:40:18 GMT 2012,Wed Nov 21 16:44:35 GMT 2012,Wed Nov 28 08:44:35 PST 2012,,,,257,100% (1/1),0% (0/0),0% (0/0),Thank You,yes,USA,e5232e449a108,FALSE
2DYKCCVLL3CAA8OEYUH4H9NR777X7U,2CZ6RLPHIT3H21CS8NX2SJQ21699HG,Tell us what's happening! Code Name: SNAZZY POTATO,Write very short descriptions of cartoon scenes,"langauge, survey, study, research",$1.00 ,Wed Nov 21 15:43:45 GMT 2012,100,BatchId:969617;,3600,604800,Wed Nov 28 15:43:45 GMT 2012,,,23MHYW2GTP9RHCU2KRS6EYSQJ8UNSY,A2ARR1U07NSBFH,Submitted,Wed Nov 21 16:29:11 GMT 2012,Wed Nov 21 16:41:17 GMT 2012,Wed Nov 28 08:41:17 PST 2012,,,,726,100% (3/3),0% (0/0),0% (0/0),This was fun! Thank you,yes,USA,f350cd72bfe118,FALSE
2DYKCCVLL3CAA8OEYUH4H9NR777X7U,2CZ6RLPHIT3H21CS8NX2SJQ21699HG,Tell us what's happening! Code Name: SNAZZY POTATO,Write very short descriptions of cartoon scenes,"langauge, survey, study, research",$1.00 ,Wed Nov 21 15:43:45 GMT 2012,100,BatchId:969617;,3600,604800,Wed Nov 28 15:43:45 GMT 2012,,,240Y1THV8ER95DVK8NDZXM5MJII1O3,A11W8GRGW30VP1,Submitted,Wed Nov 21 15:54:07 GMT 2012,Wed Nov 21 16:10:07 GMT 2012,Wed Nov 28 08:10:07 PST 2012,,,,960,100% (1/1),100% (1/1),0% (0/0),,yes,USA,f25defc94df43,FALSE
2DYKCCVLL3CAA8OEYUH4H9NR777X7U,2CZ6RLPHIT3H21CS8NX2SJQ21699HG,Tell us what's happening! Code Name: SNAZZY POTATO,Write very short descriptions of cartoon scenes,"langauge, survey, study, research",$1.00 ,Wed Nov 21 15:43:45 GMT 2012,100,BatchId:969617;,3600,604800,Wed Nov 28 15:43:45 GMT 2012,,,2418JHSTLB3L7KDGXNFBOEJTIW3SGQ,A1JNRH6ME55PEE,Submitted,Wed Nov 21 15:58:22 GMT 2012,Wed Nov 21 16:13:04 GMT 2012,Wed Nov 28 08:13:04 PST 2012,,,,882,0% (0/0),0% (0/0),0% (0/0),I would like to of know on the second part how many pages are left.,yes,USA,j29a103792h57,FALSE
2DYKCCVLL3CAA8OEYUH4H9NR777X7U,2CZ6RLPHIT3H21CS8NX2SJQ21699HG,Tell us what's happening! Code Name: SNAZZY POTATO,Write very short descriptions of cartoon scenes,"langauge, survey, study, research",$1.00 ,Wed Nov 21 15:43:45 GMT 2012,100,BatchId:969617;,3600,604800,Wed Nov 28 15:43:45 GMT 2012,,,244F806UFBNFZ0IR9KU9ASW8RHR1FH,A3T6U6UDDRPYTH,Submitted,Wed Nov 21 15:53:39 GMT 2012,Wed Nov 21 16:07:14 GMT 2012,Wed Nov 28 08:07:14 PST 2012,,,,815,100% (3/3),100% (1/1),0% (0/0),"The tasks where there was only one person or only one object or animal were easy, when there were multiple people in the first picture and/or multiple objects then I had to decide whether to include the person's name or the action they were taking.  Usually I went with the person's name unless they were doing an unusual action with the object.",yes,USA,c2809c51aca40,FALSE
2DYKCCVLL3CAA8OEYUH4H9NR777X7U,2CZ6RLPHIT3H21CS8NX2SJQ21699HG,Tell us what's happening! Code Name: SNAZZY POTATO,Write very short descriptions of cartoon scenes,"langauge, survey, study, research",$1.00 ,Wed Nov 21 15:43:45 GMT 2012,100,BatchId:969617;,3600,604800,Wed Nov 28 15:43:45 GMT 2012,,,244F806UFBNFZ0IR9KU9ASW8RHSF1W,A3PFM8G9FOVIID,Submitted,Wed Nov 21 16:03:31 GMT 2012,Wed Nov 21 16:16:07 GMT 2012,Wed Nov 28 08:16:07 PST 2012,,,,756,0% (0/0),0% (0/0),0% (0/0),,no,USA,g23dd0089g68,FALSE
2DYKCCVLL3CAA8OEYUH4H9NR777X7U,2CZ6RLPHIT3H21CS8NX2SJQ21699HG,Tell us what's happening! Code Name: SNAZZY POTATO,Write very short descriptions of cartoon scenes,"langauge, survey, study, research",$1.00 ,Wed Nov 21 15:43:45 GMT 2012,100,BatchId:969617;,3600,604800,Wed Nov 28 15:43:45 GMT 2012,,,249YW2GTP9RAEX7TA6X93SOHB17OTX,A380316716PK4N,Submitted,Wed Nov 21 15:48:25 GMT 2012,Wed Nov 21 16:00:31 GMT 2012,Wed Nov 28 08:00:31 PST 2012,,,,726,100% (1/1),100% (1/1),0% (0/0),,yes,USA,j35743ca18a25,FALSE
2DYKCCVLL3CAA8OEYUH4H9NR777X7U,2CZ6RLPHIT3H21CS8NX2SJQ21699HG,Tell us what's happening! Code Name: SNAZZY POTATO,Write very short descriptions of cartoon scenes,"langauge, survey, study, research",$1.00 ,Wed Nov 21 15:43:45 GMT 2012,100,BatchId:969617;,3600,604800,Wed Nov 28 15:43:45 GMT 2012,,,24FU8LZ6R70GCWB51DA30E7YWTLM69,A3V3O547GWAZID,Submitted,Wed Nov 21 16:19:13 GMT 2012,Wed Nov 21 16:32:39 GMT 2012,Wed Nov 28 08:32:39 PST 2012,,,,806,0% (0/0),0% (0/0),0% (0/0),,yes,USA,i1cebdd247h101,FALSE
2DYKCCVLL3CAA8OEYUH4H9NR777X7U,2CZ6RLPHIT3H21CS8NX2SJQ21699HG,Tell us what's happening! Code Name: SNAZZY POTATO,Write very short descriptions of cartoon scenes,"langauge, survey, study, research",$1.00 ,Wed Nov 21 15:43:45 GMT 2012,100,BatchId:969617;,3600,604800,Wed Nov 28 15:43:45 GMT 2012,,,24PFCD45XCETUIUKHP9N8TGR811XZU,A3MLOFGJ7WF9MI,Submitted,Wed Nov 21 16:16:52 GMT 2012,Wed Nov 21 16:29:09 GMT 2012,Wed Nov 28 08:29:09 PST 2012,,,,737,100% (2/2),100% (2/2),0% (0/0),no comments.,yes,USA,hb6b438f0f95,FALSE
2DYKCCVLL3CAA8OEYUH4H9NR777X7U,2CZ6RLPHIT3H21CS8NX2SJQ21699HG,Tell us what's happening! Code Name: SNAZZY POTATO,Write very short descriptions of cartoon scenes,"langauge, survey, study, research",$1.00 ,Wed Nov 21 15:43:45 GMT 2012,100,BatchId:969617;,3600,604800,Wed Nov 28 15:43:45 GMT 2012,,,25H9746OQ1SNXV9NUCR56QKERSRN32,A4MB3390GGPRD,Submitted,Wed Nov 21 16:08:30 GMT 2012,Wed Nov 21 16:22:58 GMT 2012,Wed Nov 28 08:22:58 PST 2012,,,,868,0% (0/0),0% (0/0),0% (0/0),I thought it was complicated limiting actions to two words for those pictures because often it felt like I was leaving out important details.,yes,USA,a873b031di80,FALSE
2DYKCCVLL3CAA8OEYUH4H9NR777X7U,2CZ6RLPHIT3H21CS8NX2SJQ21699HG,Tell us what's happening! Code Name: SNAZZY POTATO,Write very short descriptions of cartoon scenes,"langauge, survey, study, research",$1.00 ,Wed Nov 21 15:43:45 GMT 2012,100,BatchId:969617;,3600,604800,Wed Nov 28 15:43:45 GMT 2012,,,25I8H88MQU6LCTDS0NSR2X4CMK5ATM,A2BVF9EKS2OH8E,Submitted,Wed Nov 21 15:59:43 GMT 2012,Wed Nov 21 16:15:49 GMT 2012,Wed Nov 28 08:15:49 PST 2012,,,,966,100% (2/2),100% (2/2),100% (1/1),,yes,USA,b112f50a07f62,FALSE
2DYKCCVLL3CAA8OEYUH4H9NR777X7U,2CZ6RLPHIT3H21CS8NX2SJQ21699HG,Tell us what's happening! Code Name: SNAZZY POTATO,Write very short descriptions of cartoon scenes,"langauge, survey, study, research",$1.00 ,Wed Nov 21 15:43:45 GMT 2012,100,BatchId:969617;,3600,604800,Wed Nov 28 15:43:45 GMT 2012,,,25OAVKI62NJQ969ZNE0QM6BMPDJKSK,A2D52PK3Z04U7O,Submitted,Wed Nov 21 15:44:31 GMT 2012,Wed Nov 21 15:58:35 GMT 2012,Wed Nov 28 07:58:35 PST 2012,,,,844,100% (6/6),100% (1/1),100% (1/1),,yes,USA,i3803030a8c6,FALSE
2DYKCCVLL3CAA8OEYUH4H9NR777X7U,2CZ6RLPHIT3H21CS8NX2SJQ21699HG,Tell us what's happening! Code Name: SNAZZY POTATO,Write very short descriptions of cartoon scenes,"langauge, survey, study, research",$1.00 ,Wed Nov 21 15:43:45 GMT 2012,100,BatchId:969617;,3600,604800,Wed Nov 28 15:43:45 GMT 2012,,,268KCCVLL3CAA8OEYUH4H9NSY8QX74,A1IO48C3ZHRRVS,Submitted,Wed Nov 21 16:29:18 GMT 2012,Wed Nov 21 16:43:36 GMT 2012,Wed Nov 28 08:43:36 PST 2012,,,,858,0% (0/0),0% (0/0),0% (0/0),Thank you..,yes,USA,i285a0f81ai120,FALSE
2DYKCCVLL3CAA8OEYUH4H9NR777X7U,2CZ6RLPHIT3H21CS8NX2SJQ21699HG,Tell us what's happening! Code Name: SNAZZY POTATO,Write very short descriptions of cartoon scenes,"langauge, survey, study, research",$1.00 ,Wed Nov 21 15:43:45 GMT 2012,100,BatchId:969617;,3600,604800,Wed Nov 28 15:43:45 GMT 2012,,,26R9RNDWIOV1ZCUKRIKGZ130H03VG4,A2BNOEYZ3VRW2R,Submitted,Wed Nov 21 16:45:10 GMT 2012,Wed Nov 21 16:58:09 GMT 2012,Wed Nov 28 08:58:09 PST 2012,,,,779,100% (39/39),100% (1/1),0% (0/0),Happy Thanksgiving!,yes,USA,c27875b05ai141,FALSE
2DYKCCVLL3CAA8OEYUH4H9NR777X7U,2CZ6RLPHIT3H21CS8NX2SJQ21699HG,Tell us what's happening! Code Name: SNAZZY POTATO,Write very short descriptions of cartoon scenes,"langauge, survey, study, research",$1.00 ,Wed Nov 21 15:43:45 GMT 2012,100,BatchId:969617;,3600,604800,Wed Nov 28 15:43:45 GMT 2012,,,27CO2L92HECWHBZ0MT3CK0CR9LQGHX,A1QS58R8XL9A61,Submitted,Wed Nov 21 16:23:16 GMT 2012,Wed Nov 21 16:36:48 GMT 2012,Wed Nov 28 08:36:48 PST 2012,,,,812,100% (6/6),0% (0/0),0% (0/0),,yes,USA,d3cd9c1ebb112,FALSE
2DYKCCVLL3CAA8OEYUH4H9NR777X7U,2CZ6RLPHIT3H21CS8NX2SJQ21699HG,Tell us what's happening! Code Name: SNAZZY POTATO,Write very short descriptions of cartoon scenes,"langauge, survey, study, research",$1.00 ,Wed Nov 21 15:43:45 GMT 2012,100,BatchId:969617;,3600,604800,Wed Nov 28 15:43:45 GMT 2012,,,27ZH57DZKPFEBJIA5ID2AL8KDOUD3F,A22S5BDC3RQHWO,Submitted,Wed Nov 21 16:35:07 GMT 2012,Wed Nov 21 16:50:19 GMT 2012,Wed Nov 28 08:50:19 PST 2012,,,,912,100% (1/1),0% (0/0),0% (0/0),,yes,USA,g35b7a02b6c127,FALSE
2DYKCCVLL3CAA8OEYUH4H9NR777X7U,2CZ6RLPHIT3H21CS8NX2SJQ21699HG,Tell us what's happening! Code Name: SNAZZY POTATO,Write very short descriptions of cartoon scenes,"langauge, survey, study, research",$1.00 ,Wed Nov 21 15:43:45 GMT 2012,100,BatchId:969617;,3600,604800,Wed Nov 28 15:43:45 GMT 2012,,,280E4BLYHVI4BTUZ8QL8INE1WC20UE,A3CQTXKK49U7JE,Submitted,Wed Nov 21 16:17:26 GMT 2012,Wed Nov 21 16:30:15 GMT 2012,Wed Nov 28 08:30:15 PST 2012,,,,769,0% (0/0),0% (0/0),0% (0/0),,yes,USA,f20136b2e4g97,FALSE
2DYKCCVLL3CAA8OEYUH4H9NR777X7U,2CZ6RLPHIT3H21CS8NX2SJQ21699HG,Tell us what's happening! Code Name: SNAZZY POTATO,Write very short descriptions of cartoon scenes,"langauge, survey, study, research",$1.00 ,Wed Nov 21 15:43:45 GMT 2012,100,BatchId:969617;,3600,604800,Wed Nov 28 15:43:45 GMT 2012,,,28F5F3Q0JG5T5RP9K324EF9UWT5DHF,A2DUKWR9I6FFZV,Submitted,Wed Nov 21 15:44:43 GMT 2012,Wed Nov 21 15:54:59 GMT 2012,Wed Nov 28 07:54:59 PST 2012,,,,616,100% (1/1),0% (0/0),0% (0/0),,yes,USA,hcb7212b6d3,FALSE
2DYKCCVLL3CAA8OEYUH4H9NR777X7U,2CZ6RLPHIT3H21CS8NX2SJQ21699HG,Tell us what's happening! Code Name: SNAZZY POTATO,Write very short descriptions of cartoon scenes,"langauge, survey, study, research",$1.00 ,Wed Nov 21 15:43:45 GMT 2012,100,BatchId:969617;,3600,604800,Wed Nov 28 15:43:45 GMT 2012,,,28H36XBAT2D5UV0KTKUQ5JG7XZK04X,A29OF3N57XNRZ0,Submitted,Wed Nov 21 16:58:30 GMT 2012,Wed Nov 21 17:14:32 GMT 2012,Wed Nov 28 09:14:32 PST 2012,,,,962,100% (4/4),100% (2/2),0% (0/0),"I had about three advance before I could answer, I am not sure if I clicked a previous one before to advance the next ones.",yes,USA,b34f7b2fa3i144,TRUE
2DYKCCVLL3CAA8OEYUH4H9NR777X7U,2CZ6RLPHIT3H21CS8NX2SJQ21699HG,Tell us what's happening! Code Name: SNAZZY POTATO,Write very short descriptions of cartoon scenes,"langauge, survey, study, research",$1.00 ,Wed Nov 21 15:43:45 GMT 2012,100,BatchId:969617;,3600,604800,Wed Nov 28 15:43:45 GMT 2012,,,28IS1CSTMOFXYIU16HSE3DNZNGBORL,A3TNFR4AOBSVSE,Submitted,Wed Nov 21 15:54:21 GMT 2012,Wed Nov 21 16:04:37 GMT 2012,Wed Nov 28 08:04:37 PST 2012,,,,616,0% (0/0),0% (0/0),0% (0/0),,yes,USA,g303eb302f42,FALSE
2DYKCCVLL3CAA8OEYUH4H9NR777X7U,2CZ6RLPHIT3H21CS8NX2SJQ21699HG,Tell us what's happening! Code Name: SNAZZY POTATO,Write very short descriptions of cartoon scenes,"langauge, survey, study, research",$1.00 ,Wed Nov 21 15:43:45 GMT 2012,100,BatchId:969617;,3600,604800,Wed Nov 28 15:43:45 GMT 2012,,,28O2GTP9RA7SC1OYUEPSTF72NN5VQS,A3IQ4T5TA613X,Submitted,Wed Nov 21 15:44:35 GMT 2012,Wed Nov 21 16:08:16 GMT 2012,Wed Nov 28 08:08:16 PST 2012,,,,1421,0% (0/0),0% (0/0),0% (0/0),,yes,USA,b2aa3461a3b53,FALSE
2DYKCCVLL3CAA8OEYUH4H9NR777X7U,2CZ6RLPHIT3H21CS8NX2SJQ21699HG,Tell us what's happening! Code Name: SNAZZY POTATO,Write very short descriptions of cartoon scenes,"langauge, survey, study, research",$1.00 ,Wed Nov 21 15:43:45 GMT 2012,100,BatchId:969617;,3600,604800,Wed Nov 28 15:43:45 GMT 2012,,,28XCOW0LGRZ3FHTC9HXVSUZYHSQZ8M,A21TECY6SM7BNV,Submitted,Wed Nov 21 15:55:46 GMT 2012,Wed Nov 21 16:06:40 GMT 2012,Wed Nov 28 08:06:40 PST 2012,,,,654,100% (2/2),100% (1/1),0% (0/0),,yes,USA,a3a35572b4f51,FALSE
2DYKCCVLL3CAA8OEYUH4H9NR777X7U,2CZ6RLPHIT3H21CS8NX2SJQ21699HG,Tell us what's happening! Code Name: SNAZZY POTATO,Write very short descriptions of cartoon scenes,"langauge, survey, study, research",$1.00 ,Wed Nov 21 15:43:45 GMT 2012,100,BatchId:969617;,3600,604800,Wed Nov 28 15:43:45 GMT 2012,,,291RNDWIOV1SEXP01Y7U63YF39DWH9,AT6LDBK1MQCKU,Submitted,Wed Nov 21 16:03:03 GMT 2012,Wed Nov 21 16:16:10 GMT 2012,Wed Nov 28 08:16:10 PST 2012,,,,787,0% (0/0),0% (0/0),0% (0/0),thanks,yes,USA,d276a5c814b66,FALSE
2DYKCCVLL3CAA8OEYUH4H9NR777X7U,2CZ6RLPHIT3H21CS8NX2SJQ21699HG,Tell us what's happening! Code Name: SNAZZY POTATO,Write very short descriptions of cartoon scenes,"langauge, survey, study, research",$1.00 ,Wed Nov 21 15:43:45 GMT 2012,100,BatchId:969617;,3600,604800,Wed Nov 28 15:43:45 GMT 2012,,,298KPEIB9BAWSXOUDVWV2UD5QUIX02,A175ZTL2OZO9YU,Submitted,Wed Nov 21 16:11:41 GMT 2012,Wed Nov 21 16:25:52 GMT 2012,Wed Nov 28 08:25:52 PST 2012,,,,851,0% (0/0),0% (0/0),0% (0/0),Was interesting. Thanks so much!,yes,USA,i300dd5e1eb83,FALSE
2DYKCCVLL3CAA8OEYUH4H9NR777X7U,2CZ6RLPHIT3H21CS8NX2SJQ21699HG,Tell us what's happening! Code Name: SNAZZY POTATO,Write very short descriptions of cartoon scenes,"langauge, survey, study, research",$1.00 ,Wed Nov 21 15:43:45 GMT 2012,100,BatchId:969617;,3600,604800,Wed Nov 28 15:43:45 GMT 2012,,,29B51RYQM3ELXSO9EDKGZFTGYUF0Z1,ATVSN1P3Z1NRY,Submitted,Wed Nov 21 15:52:59 GMT 2012,Wed Nov 21 16:04:52 GMT 2012,Wed Nov 28 08:04:52 PST 2012,,,,713,100% (5/5),0% (0/0),0% (0/0),,yes,USA,h1b622cfe3c37,FALSE
2DYKCCVLL3CAA8OEYUH4H9NR777X7U,2CZ6RLPHIT3H21CS8NX2SJQ21699HG,Tell us what's happening! Code Name: SNAZZY POTATO,Write very short descriptions of cartoon scenes,"langauge, survey, study, research",$1.00 ,Wed Nov 21 15:43:45 GMT 2012,100,BatchId:969617;,3600,604800,Wed Nov 28 15:43:45 GMT 2012,,,29BMJUNU8LZ6YC2DTW08I8J5ZFZ2IS,A3FDSQADGUY42E,Submitted,Wed Nov 21 16:14:27 GMT 2012,Wed Nov 21 16:24:16 GMT 2012,Wed Nov 28 08:24:16 PST 2012,,,,589,100% (2/2),0% (0/0),0% (0/0),,yes,USA,j3b3d8dbc3j89,FALSE
2DYKCCVLL3CAA8OEYUH4H9NR777X7U,2CZ6RLPHIT3H21CS8NX2SJQ21699HG,Tell us what's happening! Code Name: SNAZZY POTATO,Write very short descriptions of cartoon scenes,"langauge, survey, study, research",$1.00 ,Wed Nov 21 15:43:45 GMT 2012,100,BatchId:969617;,3600,604800,Wed Nov 28 15:43:45 GMT 2012,,,2A7K0COK2JE1TCRH8ECR16O1EDSSLZ,A2QFPQCE50MTFB,Submitted,Wed Nov 21 16:24:17 GMT 2012,Wed Nov 21 16:24:35 GMT 2012,Wed Nov 28 08:24:35 PST 2012,,,,18,0% (0/0),0% (0/0),0% (0/0),,yes,USA,e16b76e266j85,FALSE
2DYKCCVLL3CAA8OEYUH4H9NR777X7U,2CZ6RLPHIT3H21CS8NX2SJQ21699HG,Tell us what's happening! Code Name: SNAZZY POTATO,Write very short descriptions of cartoon scenes,"langauge, survey, study, research",$1.00 ,Wed Nov 21 15:43:45 GMT 2012,100,BatchId:969617;,3600,604800,Wed Nov 28 15:43:45 GMT 2012,,,2BDY58B727M0PLHH5IS63FSXJ5LVAN,A13IWXK4MM2Z7G,Submitted,Wed Nov 21 16:13:17 GMT 2012,Wed Nov 21 16:27:27 GMT 2012,Wed Nov 28 08:27:27 PST 2012,,,,850,0% (0/0),0% (0/0),0% (0/0),,yes,USA,j34928546c90,FALSE
2DYKCCVLL3CAA8OEYUH4H9NR777X7U,2CZ6RLPHIT3H21CS8NX2SJQ21699HG,Tell us what's happening! Code Name: SNAZZY POTATO,Write very short descriptions of cartoon scenes,"langauge, survey, study, research",$1.00 ,Wed Nov 21 15:43:45 GMT 2012,100,BatchId:969617;,3600,604800,Wed Nov 28 15:43:45 GMT 2012,,,2BI6SVQ8H88MXZ8ITT2VHI1T1YV6PO,A2AO7QP5THYKQF,Submitted,Wed Nov 21 15:58:53 GMT 2012,Wed Nov 21 16:14:02 GMT 2012,Wed Nov 28 08:14:02 PST 2012,,,,909,100% (8/8),0% (0/0),0% (0/0),Great and very enjoyable study. Thanks,no,USA,f46087587g60,FALSE
2DYKCCVLL3CAA8OEYUH4H9NR777X7U,2CZ6RLPHIT3H21CS8NX2SJQ21699HG,Tell us what's happening! Code Name: SNAZZY POTATO,Write very short descriptions of cartoon scenes,"langauge, survey, study, research",$1.00 ,Wed Nov 21 15:43:45 GMT 2012,100,BatchId:969617;,3600,604800,Wed Nov 28 15:43:45 GMT 2012,,,2BIP6AUC26DGDCFYL8M0KK0ESLW3A2,A2AKHL4Z6ND6L5,Submitted,Wed Nov 21 16:31:07 GMT 2012,Wed Nov 21 16:48:13 GMT 2012,Wed Nov 28 08:48:13 PST 2012,,,,1026,0% (0/0),0% (0/0),0% (0/0),It was difficult to see that there were 2 text boxes for responses in the first half of the study.,yes,USA,cc59249dfh124,FALSE
2DYKCCVLL3CAA8OEYUH4H9NR777X7U,2CZ6RLPHIT3H21CS8NX2SJQ21699HG,Tell us what's happening! Code Name: SNAZZY POTATO,Write very short descriptions of cartoon scenes,"langauge, survey, study, research",$1.00 ,Wed Nov 21 15:43:45 GMT 2012,100,BatchId:969617;,3600,604800,Wed Nov 28 15:43:45 GMT 2012,,,2CB1LY58B727T5KD3P8D66YHWW48TF,AM5B7EU3FGO4P,Submitted,Wed Nov 21 15:55:38 GMT 2012,Wed Nov 21 16:09:35 GMT 2012,Wed Nov 28 08:09:35 PST 2012,,,,837,0% (0/0),0% (0/0),0% (0/0),,yes,USA,hab993c7db49,FALSE
2DYKCCVLL3CAA8OEYUH4H9NR777X7U,2CZ6RLPHIT3H21CS8NX2SJQ21699HG,Tell us what's happening! Code Name: SNAZZY POTATO,Write very short descriptions of cartoon scenes,"langauge, survey, study, research",$1.00 ,Wed Nov 21 15:43:45 GMT 2012,100,BatchId:969617;,3600,604800,Wed Nov 28 15:43:45 GMT 2012,,,2CJCJK63ZVE3OW2HIN1QEJL7V5J9YB,A1BE2CX4LDH0G5,Submitted,Wed Nov 21 17:45:31 GMT 2012,Wed Nov 21 17:57:33 GMT 2012,Wed Nov 28 09:57:33 PST 2012,,,,722,100% (1/1),100% (1/1),100% (1/1),,yes,USA,d178c68f02a147,FALSE
2DYKCCVLL3CAA8OEYUH4H9NR777X7U,2CZ6RLPHIT3H21CS8NX2SJQ21699HG,Tell us what's happening! Code Name: SNAZZY POTATO,Write very short descriptions of cartoon scenes,"langauge, survey, study, research",$1.00 ,Wed Nov 21 15:43:45 GMT 2012,100,BatchId:969617;,3600,604800,Wed Nov 28 15:43:45 GMT 2012,,,2CWE6AUBXHWSOCHIXEMB4WDTPYVY2S,A3HMBHM8HJLKRD,Submitted,Wed Nov 21 16:08:00 GMT 2012,Wed Nov 21 16:18:51 GMT 2012,Wed Nov 28 08:18:51 PST 2012,,,,651,100% (88/88),0% (0/0),0% (0/0),,yes,USA,c1de0a4d6ea77,FALSE
2DYKCCVLL3CAA8OEYUH4H9NR777X7U,2CZ6RLPHIT3H21CS8NX2SJQ21699HG,Tell us what's happening! Code Name: SNAZZY POTATO,Write very short descriptions of cartoon scenes,"langauge, survey, study, research",$1.00 ,Wed Nov 21 15:43:45 GMT 2012,100,BatchId:969617;,3600,604800,Wed Nov 28 15:43:45 GMT 2012,,,2DO5XH0JPPSI9P0BDQJPC5KNQ7QMGD,A1XMUVTADJU5JP,Submitted,Wed Nov 21 16:36:06 GMT 2012,Wed Nov 21 17:06:19 GMT 2012,Wed Nov 28 09:06:19 PST 2012,,,,1813,0% (0/0),0% (0/0),0% (0/0),,yes,USA,a23fcf13ef142,FALSE
2DYKCCVLL3CAA8OEYUH4H9NR777X7U,2CZ6RLPHIT3H21CS8NX2SJQ21699HG,Tell us what's happening! Code Name: SNAZZY POTATO,Write very short descriptions of cartoon scenes,"langauge, survey, study, research",$1.00 ,Wed Nov 21 15:43:45 GMT 2012,100,BatchId:969617;,3600,604800,Wed Nov 28 15:43:45 GMT 2012,,,2EB3NAB6BFMFMT0V6YSTOFDIIT1HUU,AHOQIUEMH0VMH,Submitted,Wed Nov 21 15:47:32 GMT 2012,Wed Nov 21 15:59:42 GMT 2012,Wed Nov 28 07:59:42 PST 2012,,,,730,0% (0/0),0% (0/0),0% (0/0),,yes,USA,h24777018dg20,FALSE
2DYKCCVLL3CAA8OEYUH4H9NR777X7U,2CZ6RLPHIT3H21CS8NX2SJQ21699HG,Tell us what's happening! Code Name: SNAZZY POTATO,Write very short descriptions of cartoon scenes,"langauge, survey, study, research",$1.00 ,Wed Nov 21 15:43:45 GMT 2012,100,BatchId:969617;,3600,604800,Wed Nov 28 15:43:45 GMT 2012,,,2EXUUKQOYGNI36PPWT70607UZH5GYY,A13C451GQBIUYE,Submitted,Wed Nov 21 16:40:59 GMT 2012,Wed Nov 21 16:56:41 GMT 2012,Wed Nov 28 08:56:41 PST 2012,,,,942,100% (5/5),0% (0/0),0% (0/0),That was fun!,yes,USA,g3b8dcf173h138,FALSE
2DYKCCVLL3CAA8OEYUH4H9NR777X7U,2CZ6RLPHIT3H21CS8NX2SJQ21699HG,Tell us what's happening! Code Name: SNAZZY POTATO,Write very short descriptions of cartoon scenes,"langauge, survey, study, research",$1.00 ,Wed Nov 21 15:43:45 GMT 2012,100,BatchId:969617;,3600,604800,Wed Nov 28 15:43:45 GMT 2012,,,2F73Q0JG5TYMUHYVZ90FESSULYPJF1,A1TLI3V4XODQDF,Submitted,Wed Nov 21 15:48:25 GMT 2012,Wed Nov 21 16:17:16 GMT 2012,Wed Nov 28 08:17:16 PST 2012,,,,1731,100% (10/10),0% (0/0),0% (0/0),"The survey kept locking up on me--I had to restart it. Don't know if it was a computer glitch, or a problem with the survey site itself.",yes,USA,g21000ae7bi75,TRUE
2DYKCCVLL3CAA8OEYUH4H9NR777X7U,2CZ6RLPHIT3H21CS8NX2SJQ21699HG,Tell us what's happening! Code Name: SNAZZY POTATO,Write very short descriptions of cartoon scenes,"langauge, survey, study, research",$1.00 ,Wed Nov 21 15:43:45 GMT 2012,100,BatchId:969617;,3600,604800,Wed Nov 28 15:43:45 GMT 2012,,,2FPH0JPPSI2K5JRIGUY5PLM80KWIOF,A1BRWNXT8OBBK4,Submitted,Wed Nov 21 16:22:26 GMT 2012,Wed Nov 21 16:36:54 GMT 2012,Wed Nov 28 08:36:54 PST 2012,,,,868,100% (3/3),100% (1/1),0% (0/0),,yes,USA,i1ca9d7188f107,FALSE
2DYKCCVLL3CAA8OEYUH4H9NR777X7U,2CZ6RLPHIT3H21CS8NX2SJQ21699HG,Tell us what's happening! Code Name: SNAZZY POTATO,Write very short descriptions of cartoon scenes,"langauge, survey, study, research",$1.00 ,Wed Nov 21 15:43:45 GMT 2012,100,BatchId:969617;,3600,604800,Wed Nov 28 15:43:45 GMT 2012,,,2GT8N46UXFCDBAZ92YEDXNTMMOQTRA,A2H4HYDU6FFAMQ,Submitted,Wed Nov 21 15:44:21 GMT 2012,Wed Nov 21 15:56:47 GMT 2012,Wed Nov 28 07:56:47 PST 2012,,,,746,100% (4/4),0% (0/0),0% (0/0),,yes,USA,h323e457b9j1,FALSE
2DYKCCVLL3CAA8OEYUH4H9NR777X7U,2CZ6RLPHIT3H21CS8NX2SJQ21699HG,Tell us what's happening! Code Name: SNAZZY POTATO,Write very short descriptions of cartoon scenes,"langauge, survey, study, research",$1.00 ,Wed Nov 21 15:43:45 GMT 2012,100,BatchId:969617;,3600,604800,Wed Nov 28 15:43:45 GMT 2012,,,2H51X3V0FK0CVP4G26D7UKKBPSRMFF,A157M7ERFNYO04,Submitted,Wed Nov 21 16:39:24 GMT 2012,Wed Nov 21 16:52:18 GMT 2012,Wed Nov 28 08:52:18 PST 2012,,,,774,100% (2/2),100% (1/1),0% (0/0),,yes,USA,g31c9a40b4b135,FALSE
2DYKCCVLL3CAA8OEYUH4H9NR777X7U,2CZ6RLPHIT3H21CS8NX2SJQ21699HG,Tell us what's happening! Code Name: SNAZZY POTATO,Write very short descriptions of cartoon scenes,"langauge, survey, study, research",$1.00 ,Wed Nov 21 15:43:45 GMT 2012,100,BatchId:969617;,3600,604800,Wed Nov 28 15:43:45 GMT 2012,,,2HOGKCCVLL3CH85J5FGQ9C9PUVY6WJ,A1QLMIZ39K4X3J,Submitted,Wed Nov 21 16:00:41 GMT 2012,Wed Nov 21 16:13:48 GMT 2012,Wed Nov 28 08:13:48 PST 2012,,,,787,0% (0/0),0% (0/0),0% (0/0),,yes,USA,da75c7acfj63,FALSE
2DYKCCVLL3CAA8OEYUH4H9NR777X7U,2CZ6RLPHIT3H21CS8NX2SJQ21699HG,Tell us what's happening! Code Name: SNAZZY POTATO,Write very short descriptions of cartoon scenes,"langauge, survey, study, research",$1.00 ,Wed Nov 21 15:43:45 GMT 2012,100,BatchId:969617;,3600,604800,Wed Nov 28 15:43:45 GMT 2012,,,2HSG5R98D8J32J9TGXKN3CG5QDCEUE,A180L1S0QRTITH,Submitted,Wed Nov 21 16:20:43 GMT 2012,Wed Nov 21 16:37:24 GMT 2012,Wed Nov 28 08:37:24 PST 2012,,,,1001,100% (2/2),0% (0/0),0% (0/0),thanks...it was fun,yes,USA,b34146c379f102,FALSE
2DYKCCVLL3CAA8OEYUH4H9NR777X7U,2CZ6RLPHIT3H21CS8NX2SJQ21699HG,Tell us what's happening! Code Name: SNAZZY POTATO,Write very short descriptions of cartoon scenes,"langauge, survey, study, research",$1.00 ,Wed Nov 21 15:43:45 GMT 2012,100,BatchId:969617;,3600,604800,Wed Nov 28 15:43:45 GMT 2012,,,2I3727M0IGFKOI33MKJVK4VKSVNZEK,A15A4X84A1CJPF,Submitted,Wed Nov 21 15:46:49 GMT 2012,Wed Nov 21 15:59:28 GMT 2012,Wed Nov 28 07:59:28 PST 2012,,,,759,100% (13/13),0% (0/0),0% (0/0),,yes,USA,d24bf2a3d0d10,FALSE
2DYKCCVLL3CAA8OEYUH4H9NR777X7U,2CZ6RLPHIT3H21CS8NX2SJQ21699HG,Tell us what's happening! Code Name: SNAZZY POTATO,Write very short descriptions of cartoon scenes,"langauge, survey, study, research",$1.00 ,Wed Nov 21 15:43:45 GMT 2012,100,BatchId:969617;,3600,604800,Wed Nov 28 15:43:45 GMT 2012,,,2I64BLYHVI44VX4H9ZZDSEZUFBDV1X,A26II8RUI3HHZC,Submitted,Wed Nov 21 15:52:08 GMT 2012,Wed Nov 21 16:03:06 GMT 2012,Wed Nov 28 08:03:06 PST 2012,,,,658,0% (0/0),0% (0/0),0% (0/0),,yes,USA,j6cb16fb1e32,FALSE
2DYKCCVLL3CAA8OEYUH4H9NR777X7U,2CZ6RLPHIT3H21CS8NX2SJQ21699HG,Tell us what's happening! Code Name: SNAZZY POTATO,Write very short descriptions of cartoon scenes,"langauge, survey, study, research",$1.00 ,Wed Nov 21 15:43:45 GMT 2012,100,BatchId:969617;,3600,604800,Wed Nov 28 15:43:45 GMT 2012,,,2IA9NZW6HEZ6VJ6NKCK8B9GWQ3ROYO,A88M0A0KXNFWD,Submitted,Wed Nov 21 16:02:27 GMT 2012,Wed Nov 21 16:15:35 GMT 2012,Wed Nov 28 08:15:35 PST 2012,,,,788,0% (0/0),0% (0/0),0% (0/0),,yes,USA,h37a92ce7cj64,FALSE
2DYKCCVLL3CAA8OEYUH4H9NR777X7U,2CZ6RLPHIT3H21CS8NX2SJQ21699HG,Tell us what's happening! Code Name: SNAZZY POTATO,Write very short descriptions of cartoon scenes,"langauge, survey, study, research",$1.00 ,Wed Nov 21 15:43:45 GMT 2012,100,BatchId:969617;,3600,604800,Wed Nov 28 15:43:45 GMT 2012,,,2IBVCNHMVHVKJO2YPPT79J7BORQ13C,A3OMUSG91MTI3H,Submitted,Wed Nov 21 16:34:49 GMT 2012,Wed Nov 21 16:47:33 GMT 2012,Wed Nov 28 08:47:33 PST 2012,,,,764,0% (0/0),0% (0/0),0% (0/0),"The only difficulty I had was one time on the second half of the study, the page flipped to the next task before I had a chance to type in the name of one of the objects (I did get to click the bubble for how surprising it would be though). Other than that, everything worked perfectly fine and everything was clear.",yes,USA,d1d235fc8a128,FALSE
2DYKCCVLL3CAA8OEYUH4H9NR777X7U,2CZ6RLPHIT3H21CS8NX2SJQ21699HG,Tell us what's happening! Code Name: SNAZZY POTATO,Write very short descriptions of cartoon scenes,"langauge, survey, study, research",$1.00 ,Wed Nov 21 15:43:45 GMT 2012,100,BatchId:969617;,3600,604800,Wed Nov 28 15:43:45 GMT 2012,,,2IHJWKUDD8XMI8S0X4RBBUTQAUWMBU,A1C0TJWNAFS4D9,Submitted,Wed Nov 21 16:19:53 GMT 2012,Wed Nov 21 16:32:15 GMT 2012,Wed Nov 28 08:32:15 PST 2012,,,,742,0% (0/0),0% (0/0),0% (0/0),I messed up on the feeding the dog question at the beginning.  Sorry!  But interesting survey.  Thanks!,yes,USA,a30f37480fj103,FALSE
2DYKCCVLL3CAA8OEYUH4H9NR777X7U,2CZ6RLPHIT3H21CS8NX2SJQ21699HG,Tell us what's happening! Code Name: SNAZZY POTATO,Write very short descriptions of cartoon scenes,"langauge, survey, study, research",$1.00 ,Wed Nov 21 15:43:45 GMT 2012,100,BatchId:969617;,3600,604800,Wed Nov 28 15:43:45 GMT 2012,,,2J0D8J3VE7WSZYPV0LUMHK8CX3SZJE,AHH59H2CPMBWV,Submitted,Wed Nov 21 16:54:11 GMT 2012,Wed Nov 21 17:05:31 GMT 2012,Wed Nov 28 09:05:31 PST 2012,,,,680,100% (3/3),100% (1/1),0% (0/0),,yes,USA,a376dccc4cj143,FALSE
2DYKCCVLL3CAA8OEYUH4H9NR777X7U,2CZ6RLPHIT3H21CS8NX2SJQ21699HG,Tell us what's happening! Code Name: SNAZZY POTATO,Write very short descriptions of cartoon scenes,"langauge, survey, study, research",$1.00 ,Wed Nov 21 15:43:45 GMT 2012,100,BatchId:969617;,3600,604800,Wed Nov 28 15:43:45 GMT 2012,,,2K5ZXR24SMEZ67OF8RE9Z8PB2400HD,A334V9Z5AJOK36,Submitted,Wed Nov 21 16:15:49 GMT 2012,Wed Nov 21 16:33:26 GMT 2012,Wed Nov 28 08:33:26 PST 2012,,,,1057,100% (1/1),100% (1/1),0% (0/0),,yes,USA,i189f41130f93,FALSE
2DYKCCVLL3CAA8OEYUH4H9NR777X7U,2CZ6RLPHIT3H21CS8NX2SJQ21699HG,Tell us what's happening! Code Name: SNAZZY POTATO,Write very short descriptions of cartoon scenes,"langauge, survey, study, research",$1.00 ,Wed Nov 21 15:43:45 GMT 2012,100,BatchId:969617;,3600,604800,Wed Nov 28 15:43:45 GMT 2012,,,2KSRYNJ92NJKT578AOKUMYW4KUK6B7,A2MPDG7F1NTLJT,Submitted,Wed Nov 21 16:40:31 GMT 2012,Wed Nov 21 16:41:39 GMT 2012,Wed Nov 28 08:41:39 PST 2012,,,,68,0% (0/0),0% (0/0),0% (0/0),,yes,USA,j3909c747eb106,FALSE
2DYKCCVLL3CAA8OEYUH4H9NR777X7U,2CZ6RLPHIT3H21CS8NX2SJQ21699HG,Tell us what's happening! Code Name: SNAZZY POTATO,Write very short descriptions of cartoon scenes,"langauge, survey, study, research",$1.00 ,Wed Nov 21 15:43:45 GMT 2012,100,BatchId:969617;,3600,604800,Wed Nov 28 15:43:45 GMT 2012,,,2L5DP8PJWKUDKDZJZ8H3EZ0DAVJ7IB,A19UP89LXWIVBL,Submitted,Wed Nov 21 15:58:34 GMT 2012,Wed Nov 21 16:10:51 GMT 2012,Wed Nov 28 08:10:51 PST 2012,,,,737,0% (0/0),0% (0/0),0% (0/0),,yes,USA,j58cb1481c58,FALSE
2DYKCCVLL3CAA8OEYUH4H9NR777X7U,2CZ6RLPHIT3H21CS8NX2SJQ21699HG,Tell us what's happening! Code Name: SNAZZY POTATO,Write very short descriptions of cartoon scenes,"langauge, survey, study, research",$1.00 ,Wed Nov 21 15:43:45 GMT 2012,100,BatchId:969617;,3600,604800,Wed Nov 28 15:43:45 GMT 2012,,,2LEJTUHYW2GTWET7VXWWR16B2TCPK9,A2XJL0L9DCK12R,Submitted,Wed Nov 21 15:52:31 GMT 2012,Wed Nov 21 16:04:12 GMT 2012,Wed Nov 28 08:04:12 PST 2012,,,,701,100% (2/2),0% (0/0),0% (0/0),,yes,USA,d3ca2a9c8db36,FALSE
2DYKCCVLL3CAA8OEYUH4H9NR777X7U,2CZ6RLPHIT3H21CS8NX2SJQ21699HG,Tell us what's happening! Code Name: SNAZZY POTATO,Write very short descriptions of cartoon scenes,"langauge, survey, study, research",$1.00 ,Wed Nov 21 15:43:45 GMT 2012,100,BatchId:969617;,3600,604800,Wed Nov 28 15:43:45 GMT 2012,,,2LFFSVGULF39CXY3BLSFX3N0RK2N9K,A8ZO8H4HIEYLP,Submitted,Wed Nov 21 16:06:33 GMT 2012,Wed Nov 21 16:18:45 GMT 2012,Wed Nov 28 08:18:45 PST 2012,,,,732,0% (0/0),0% (0/0),0% (0/0),,yes,USA,j117b9dbeca76,FALSE
2DYKCCVLL3CAA8OEYUH4H9NR777X7U,2CZ6RLPHIT3H21CS8NX2SJQ21699HG,Tell us what's happening! Code Name: SNAZZY POTATO,Write very short descriptions of cartoon scenes,"langauge, survey, study, research",$1.00 ,Wed Nov 21 15:43:45 GMT 2012,100,BatchId:969617;,3600,604800,Wed Nov 28 15:43:45 GMT 2012,,,2LFVP3TVOK5UMO7YMCHETZF0UTV25K,A34XVY8VIOCRFM,Submitted,Wed Nov 21 16:26:44 GMT 2012,Wed Nov 21 16:42:40 GMT 2012,Wed Nov 28 08:42:40 PST 2012,,,,956,0% (0/0),0% (0/0),0% (0/0),,yes,USA,g3bc9345b9g113,FALSE
2DYKCCVLL3CAA8OEYUH4H9NR777X7U,2CZ6RLPHIT3H21CS8NX2SJQ21699HG,Tell us what's happening! Code Name: SNAZZY POTATO,Write very short descriptions of cartoon scenes,"langauge, survey, study, research",$1.00 ,Wed Nov 21 15:43:45 GMT 2012,100,BatchId:969617;,3600,604800,Wed Nov 28 15:43:45 GMT 2012,,,2MFHMVHVKCJ086MZV9A7EKQYA2064Y,AV4R742BW0TM0,Submitted,Wed Nov 21 16:24:50 GMT 2012,Wed Nov 21 16:37:06 GMT 2012,Wed Nov 28 08:37:06 PST 2012,,,,736,100% (1/1),0% (0/0),0% (0/0),,yes,USA,j2169f7b20e111,FALSE
2DYKCCVLL3CAA8OEYUH4H9NR777X7U,2CZ6RLPHIT3H21CS8NX2SJQ21699HG,Tell us what's happening! Code Name: SNAZZY POTATO,Write very short descriptions of cartoon scenes,"langauge, survey, study, research",$1.00 ,Wed Nov 21 15:43:45 GMT 2012,100,BatchId:969617;,3600,604800,Wed Nov 28 15:43:45 GMT 2012,,,2MU6DG67D1X325HHOHFK7JE3Q8FG94,A1GKEEI844CEKI,Submitted,Wed Nov 21 16:02:37 GMT 2012,Wed Nov 21 16:15:44 GMT 2012,Wed Nov 28 08:15:44 PST 2012,,,,787,100% (1/1),0% (0/0),0% (0/0),,yes,USA,j3708afc66d65,FALSE
2DYKCCVLL3CAA8OEYUH4H9NR777X7U,2CZ6RLPHIT3H21CS8NX2SJQ21699HG,Tell us what's happening! Code Name: SNAZZY POTATO,Write very short descriptions of cartoon scenes,"langauge, survey, study, research",$1.00 ,Wed Nov 21 15:43:45 GMT 2012,100,BatchId:969617;,3600,604800,Wed Nov 28 15:43:45 GMT 2012,,,2NGBDDP8PJWK1IF5LR23V3914CU5G0,A3ISMEN75NUQU8,Submitted,Wed Nov 21 15:46:29 GMT 2012,Wed Nov 21 15:57:20 GMT 2012,Wed Nov 28 07:57:20 PST 2012,,,,651,0% (0/0),0% (0/0),0% (0/0),,yes,USA,i2c9bbbd60b14,FALSE
2DYKCCVLL3CAA8OEYUH4H9NR777X7U,2CZ6RLPHIT3H21CS8NX2SJQ21699HG,Tell us what's happening! Code Name: SNAZZY POTATO,Write very short descriptions of cartoon scenes,"langauge, survey, study, research",$1.00 ,Wed Nov 21 15:43:45 GMT 2012,100,BatchId:969617;,3600,604800,Wed Nov 28 15:43:45 GMT 2012,,,2O4WA6X3YOCCM5EMTPOPYINKMYMPOT,AGC307XG0RIR4,Submitted,Wed Nov 21 15:53:22 GMT 2012,Wed Nov 21 16:03:53 GMT 2012,Wed Nov 28 08:03:53 PST 2012,,,,631,100% (2/2),0% (0/0),0% (0/0),,yes,USA,h39892a2fdc39,FALSE
2DYKCCVLL3CAA8OEYUH4H9NR777X7U,2CZ6RLPHIT3H21CS8NX2SJQ21699HG,Tell us what's happening! Code Name: SNAZZY POTATO,Write very short descriptions of cartoon scenes,"langauge, survey, study, research",$1.00 ,Wed Nov 21 15:43:45 GMT 2012,100,BatchId:969617;,3600,604800,Wed Nov 28 15:43:45 GMT 2012,,,2PVQ0JG5TYMNJ108SE69XSSJ12TGK0,A1BHVRE037LMAY,Submitted,Wed Nov 21 16:13:59 GMT 2012,Wed Nov 21 16:36:43 GMT 2012,Wed Nov 28 08:36:43 PST 2012,,,,1364,0% (0/0),0% (0/0),0% (0/0),,yes,USA,h17967ac64e96,FALSE
2DYKCCVLL3CAA8OEYUH4H9NR777X7U,2CZ6RLPHIT3H21CS8NX2SJQ21699HG,Tell us what's happening! Code Name: SNAZZY POTATO,Write very short descriptions of cartoon scenes,"langauge, survey, study, research",$1.00 ,Wed Nov 21 15:43:45 GMT 2012,100,BatchId:969617;,3600,604800,Wed Nov 28 15:43:45 GMT 2012,,,2QEMEGOOGQSCTBK7Y7JENUUW42ZDDV,A31XFMPVG79NHR,Submitted,Wed Nov 21 19:22:45 GMT 2012,Wed Nov 21 19:35:48 GMT 2012,Wed Nov 28 11:35:48 PST 2012,,,,783,0% (0/0),0% (0/0),0% (0/0),,yes,USA,d3acd9175eg149,FALSE
2DYKCCVLL3CAA8OEYUH4H9NR777X7U,2CZ6RLPHIT3H21CS8NX2SJQ21699HG,Tell us what's happening! Code Name: SNAZZY POTATO,Write very short descriptions of cartoon scenes,"langauge, survey, study, research",$1.00 ,Wed Nov 21 15:43:45 GMT 2012,100,BatchId:969617;,3600,604800,Wed Nov 28 15:43:45 GMT 2012,,,2QO40SPW1INMOL0NSOUNFB6DJN62F0,A2X00L77LYHXM3,Submitted,Wed Nov 21 16:03:17 GMT 2012,Wed Nov 21 16:14:05 GMT 2012,Wed Nov 28 08:14:05 PST 2012,,,,648,0% (0/0),0% (0/0),0% (0/0),,,USA,iadff15f5b67,FALSE
2DYKCCVLL3CAA8OEYUH4H9NR777X7U,2CZ6RLPHIT3H21CS8NX2SJQ21699HG,Tell us what's happening! Code Name: SNAZZY POTATO,Write very short descriptions of cartoon scenes,"langauge, survey, study, research",$1.00 ,Wed Nov 21 15:43:45 GMT 2012,100,BatchId:969617;,3600,604800,Wed Nov 28 15:43:45 GMT 2012,,,2QY7D1X3V0FK7HQHQO51R7PMOAFDKP,A37V3SOWOA3U5F,Submitted,Wed Nov 21 16:30:12 GMT 2012,Wed Nov 21 16:40:52 GMT 2012,Wed Nov 28 08:40:52 PST 2012,,,,640,100% (1/1),100% (1/1),0% (0/0),thanks!,yes,USA,a25ef7e946a117,FALSE
2DYKCCVLL3CAA8OEYUH4H9NR777X7U,2CZ6RLPHIT3H21CS8NX2SJQ21699HG,Tell us what's happening! Code Name: SNAZZY POTATO,Write very short descriptions of cartoon scenes,"langauge, survey, study, research",$1.00 ,Wed Nov 21 15:43:45 GMT 2012,100,BatchId:969617;,3600,604800,Wed Nov 28 15:43:45 GMT 2012,,,2R6CWA6X3YOCJK29DABXUTIPMJSON3,ACYYCN51GGPLC,Submitted,Wed Nov 21 16:38:18 GMT 2012,Wed Nov 21 16:51:18 GMT 2012,Wed Nov 28 08:51:18 PST 2012,,,,780,0% (0/0),0% (0/0),0% (0/0),,yes,USA,g2b92625ch132,FALSE
2DYKCCVLL3CAA8OEYUH4H9NR777X7U,2CZ6RLPHIT3H21CS8NX2SJQ21699HG,Tell us what's happening! Code Name: SNAZZY POTATO,Write very short descriptions of cartoon scenes,"langauge, survey, study, research",$1.00 ,Wed Nov 21 15:43:45 GMT 2012,100,BatchId:969617;,3600,604800,Wed Nov 28 15:43:45 GMT 2012,,,2RAT3HVWAVKID7PGE7S77Z9BUI1FN8,A3EV02KMZD6EOK,Submitted,Wed Nov 21 16:35:41 GMT 2012,Wed Nov 21 16:50:13 GMT 2012,Wed Nov 28 08:50:13 PST 2012,,,,872,0% (0/0),0% (0/0),0% (0/0),,yes,USA,e3844821bca131,FALSE
2DYKCCVLL3CAA8OEYUH4H9NR777X7U,2CZ6RLPHIT3H21CS8NX2SJQ21699HG,Tell us what's happening! Code Name: SNAZZY POTATO,Write very short descriptions of cartoon scenes,"langauge, survey, study, research",$1.00 ,Wed Nov 21 15:43:45 GMT 2012,100,BatchId:969617;,3600,604800,Wed Nov 28 15:43:45 GMT 2012,,,2RHCGJ2D21O33AZEOOGPXI2M2FFC6F,A22QVNPVZ06RPI,Submitted,Wed Nov 21 15:53:57 GMT 2012,Wed Nov 21 16:06:09 GMT 2012,Wed Nov 28 08:06:09 PST 2012,,,,732,100% (1/1),100% (1/1),100% (1/1),,yes,USA,i2c3095d87i41,FALSE
2DYKCCVLL3CAA8OEYUH4H9NR777X7U,2CZ6RLPHIT3H21CS8NX2SJQ21699HG,Tell us what's happening! Code Name: SNAZZY POTATO,Write very short descriptions of cartoon scenes,"langauge, survey, study, research",$1.00 ,Wed Nov 21 15:43:45 GMT 2012,100,BatchId:969617;,3600,604800,Wed Nov 28 15:43:45 GMT 2012,,,2RN8ER9Y8TNKPR1PAABFMS2QQ1JT6J,ABELQWH5WJSX5,Submitted,Wed Nov 21 16:30:58 GMT 2012,Wed Nov 21 16:42:04 GMT 2012,Wed Nov 28 08:42:04 PST 2012,,,,666,0% (0/0),0% (0/0),0% (0/0),,yes,USA,d3e3162d8ac123,FALSE
2DYKCCVLL3CAA8OEYUH4H9NR777X7U,2CZ6RLPHIT3H21CS8NX2SJQ21699HG,Tell us what's happening! Code Name: SNAZZY POTATO,Write very short descriptions of cartoon scenes,"langauge, survey, study, research",$1.00 ,Wed Nov 21 15:43:45 GMT 2012,100,BatchId:969617;,3600,604800,Wed Nov 28 15:43:45 GMT 2012,,,2RNWAVKI62NJX734Q409VH6DOM0JRW,AGFFBQTEMY297,Submitted,Wed Nov 21 15:52:00 GMT 2012,Wed Nov 21 16:07:54 GMT 2012,Wed Nov 28 08:07:54 PST 2012,,,,954,100% (11/11),0% (0/0),0% (0/0),,yes,USA,b5e4c38f0d35,FALSE
2DYKCCVLL3CAA8OEYUH4H9NR777X7U,2CZ6RLPHIT3H21CS8NX2SJQ21699HG,Tell us what's happening! Code Name: SNAZZY POTATO,Write very short descriptions of cartoon scenes,"langauge, survey, study, research",$1.00 ,Wed Nov 21 15:43:45 GMT 2012,100,BatchId:969617;,3600,604800,Wed Nov 28 15:43:45 GMT 2012,,,2RQ5PQJQ9OPLS2E4IRIXL8KES0F0YE,A1URU2OSIEA70K,Submitted,Wed Nov 21 16:33:20 GMT 2012,Wed Nov 21 16:43:20 GMT 2012,Wed Nov 28 08:43:20 PST 2012,,,,600,100% (1/1),0% (0/0),0% (0/0),,yes,USA,h1589ff72bd125,FALSE
2DYKCCVLL3CAA8OEYUH4H9NR777X7U,2CZ6RLPHIT3H21CS8NX2SJQ21699HG,Tell us what's happening! Code Name: SNAZZY POTATO,Write very short descriptions of cartoon scenes,"langauge, survey, study, research",$1.00 ,Wed Nov 21 15:43:45 GMT 2012,100,BatchId:969617;,3600,604800,Wed Nov 28 15:43:45 GMT 2012,,,2RQW2GTP9RA7ZAYJPB0YXOF94K9UPA,AWPWBV6JY3G0B,Submitted,Wed Nov 21 15:46:54 GMT 2012,Wed Nov 21 15:57:35 GMT 2012,Wed Nov 28 07:57:35 PST 2012,,,,641,100% (10/10),0% (0/0),0% (0/0),,yes,USA,a34f17063ej16,FALSE
2DYKCCVLL3CAA8OEYUH4H9NR777X7U,2CZ6RLPHIT3H21CS8NX2SJQ21699HG,Tell us what's happening! Code Name: SNAZZY POTATO,Write very short descriptions of cartoon scenes,"langauge, survey, study, research",$1.00 ,Wed Nov 21 15:43:45 GMT 2012,100,BatchId:969617;,3600,604800,Wed Nov 28 15:43:45 GMT 2012,,,2S20RYNJ92NJRR22ZRATZHYY6HI5AP,AC6M3B6PCM0HK,Submitted,Wed Nov 21 15:49:26 GMT 2012,Wed Nov 21 16:02:36 GMT 2012,Wed Nov 28 08:02:36 PST 2012,,,,790,0% (0/0),0% (0/0),0% (0/0),,yes,USA,h1ec5b4368a27,FALSE
2DYKCCVLL3CAA8OEYUH4H9NR777X7U,2CZ6RLPHIT3H21CS8NX2SJQ21699HG,Tell us what's happening! Code Name: SNAZZY POTATO,Write very short descriptions of cartoon scenes,"langauge, survey, study, research",$1.00 ,Wed Nov 21 15:43:45 GMT 2012,100,BatchId:969617;,3600,604800,Wed Nov 28 15:43:45 GMT 2012,,,2SUKYEPLSP75RQO3KOUOFHQGUWCQW2,A9NCCWT4ZZ6EL,Submitted,Wed Nov 21 16:21:25 GMT 2012,Wed Nov 21 16:22:59 GMT 2012,Wed Nov 28 08:22:59 PST 2012,,,,94,0% (0/0),0% (0/0),0% (0/0),Its was okay a little confusing at first,yes,USA,d10803bd2f82,FALSE
2DYKCCVLL3CAA8OEYUH4H9NR777X7U,2CZ6RLPHIT3H21CS8NX2SJQ21699HG,Tell us what's happening! Code Name: SNAZZY POTATO,Write very short descriptions of cartoon scenes,"langauge, survey, study, research",$1.00 ,Wed Nov 21 15:43:45 GMT 2012,100,BatchId:969617;,3600,604800,Wed Nov 28 15:43:45 GMT 2012,,,2T9STLB3L0FBQEKLZO5JWEVG9SEJVQ,A20ASMCESA51U4,Submitted,Wed Nov 21 15:55:46 GMT 2012,Wed Nov 21 16:22:18 GMT 2012,Wed Nov 28 08:22:18 PST 2012,,,,1592,0% (0/0),0% (0/0),0% (0/0),thanks,yes,USA,a3a1b02ba4h52,FALSE
2DYKCCVLL3CAA8OEYUH4H9NR777X7U,2CZ6RLPHIT3H21CS8NX2SJQ21699HG,Tell us what's happening! Code Name: SNAZZY POTATO,Write very short descriptions of cartoon scenes,"langauge, survey, study, research",$1.00 ,Wed Nov 21 15:43:45 GMT 2012,100,BatchId:969617;,3600,604800,Wed Nov 28 15:43:45 GMT 2012,,,2TLUHYW2GTP9YF9PT1D1B9YUSG0RMD,AG6LYFQ9FP3UM,Submitted,Wed Nov 21 16:24:29 GMT 2012,Wed Nov 21 16:38:11 GMT 2012,Wed Nov 28 08:38:11 PST 2012,,,,822,0% (0/0),0% (0/0),0% (0/0),,yes,USA,f15393a8c6b110,FALSE
2DYKCCVLL3CAA8OEYUH4H9NR777X7U,2CZ6RLPHIT3H21CS8NX2SJQ21699HG,Tell us what's happening! Code Name: SNAZZY POTATO,Write very short descriptions of cartoon scenes,"langauge, survey, study, research",$1.00 ,Wed Nov 21 15:43:45 GMT 2012,100,BatchId:969617;,3600,604800,Wed Nov 28 15:43:45 GMT 2012,,,2U1RJ85OZIZEORC7DRFOV5EYTYBX9D,A3G9AG3T7A4E5K,Submitted,Wed Nov 21 16:05:36 GMT 2012,Wed Nov 21 16:18:10 GMT 2012,Wed Nov 28 08:18:10 PST 2012,,,,754,0% (0/0),0% (0/0),0% (0/0),,yes,USA,d1de0ca994j73,FALSE
2DYKCCVLL3CAA8OEYUH4H9NR777X7U,2CZ6RLPHIT3H21CS8NX2SJQ21699HG,Tell us what's happening! Code Name: SNAZZY POTATO,Write very short descriptions of cartoon scenes,"langauge, survey, study, research",$1.00 ,Wed Nov 21 15:43:45 GMT 2012,100,BatchId:969617;,3600,604800,Wed Nov 28 15:43:45 GMT 2012,,,2UET6YTWX4H3O7R8SI09LI6KNSZX2J,A2LO0Y6U9D4PRV,Submitted,Wed Nov 21 15:49:00 GMT 2012,Wed Nov 21 16:01:01 GMT 2012,Wed Nov 28 08:01:01 PST 2012,,,,721,100% (1/1),100% (1/1),0% (0/0),,yes,USA,f20ebd4d07c26,FALSE
2DYKCCVLL3CAA8OEYUH4H9NR777X7U,2CZ6RLPHIT3H21CS8NX2SJQ21699HG,Tell us what's happening! Code Name: SNAZZY POTATO,Write very short descriptions of cartoon scenes,"langauge, survey, study, research",$1.00 ,Wed Nov 21 15:43:45 GMT 2012,100,BatchId:969617;,3600,604800,Wed Nov 28 15:43:45 GMT 2012,,,2UQEPLSP75KLTBYGRT1HVEQXNSTSYO,A2LV5QYHH24OMY,Submitted,Wed Nov 21 15:54:27 GMT 2012,Wed Nov 21 16:07:40 GMT 2012,Wed Nov 28 08:07:40 PST 2012,,,,793,100% (6/6),100% (2/2),0% (0/0),I messed up labeling the fruit I believe. The button didn't fill when I pushed it and I didn't realize it until after I hit the next arrow. I don't think it was surprising at all was my answer. Please include that response on my survey. I apologize for that.,yes,USA,g38b708094f46,FALSE
2DYKCCVLL3CAA8OEYUH4H9NR777X7U,2CZ6RLPHIT3H21CS8NX2SJQ21699HG,Tell us what's happening! Code Name: SNAZZY POTATO,Write very short descriptions of cartoon scenes,"langauge, survey, study, research",$1.00 ,Wed Nov 21 15:43:45 GMT 2012,100,BatchId:969617;,3600,604800,Wed Nov 28 15:43:45 GMT 2012,,,2VNWJ5OPB0YVN4AVA127JP9W72RX5L,A3VQP1UC7BA3YU,Submitted,Wed Nov 21 16:03:53 GMT 2012,Wed Nov 21 16:17:28 GMT 2012,Wed Nov 28 08:17:28 PST 2012,,,,815,0% (0/0),0% (0/0),0% (0/0),,yes,USA,d25f6197e7d7,FALSE
2DYKCCVLL3CAA8OEYUH4H9NR777X7U,2CZ6RLPHIT3H21CS8NX2SJQ21699HG,Tell us what's happening! Code Name: SNAZZY POTATO,Write very short descriptions of cartoon scenes,"langauge, survey, study, research",$1.00 ,Wed Nov 21 15:43:45 GMT 2012,100,BatchId:969617;,3600,604800,Wed Nov 28 15:43:45 GMT 2012,,,2W33Q39Z0B6U0T8QSJMSYVRMKQMLW5,AIR4UQNPIMFCJ,Submitted,Wed Nov 21 16:02:26 GMT 2012,Wed Nov 21 16:26:40 GMT 2012,Wed Nov 28 08:26:40 PST 2012,,,,1454,100% (24/24),100% (1/1),0% (0/0),,yes,USA,f35df49326d72,FALSE
2DYKCCVLL3CAA8OEYUH4H9NR777X7U,2CZ6RLPHIT3H21CS8NX2SJQ21699HG,Tell us what's happening! Code Name: SNAZZY POTATO,Write very short descriptions of cartoon scenes,"langauge, survey, study, research",$1.00 ,Wed Nov 21 15:43:45 GMT 2012,100,BatchId:969617;,3600,604800,Wed Nov 28 15:43:45 GMT 2012,,,2WIU6L5OBVCI8WZUSF9JK7GW5B8GZO,A3TZ7PNEXMDK3F,Submitted,Wed Nov 21 16:33:53 GMT 2012,Wed Nov 21 16:45:27 GMT 2012,Wed Nov 28 08:45:27 PST 2012,,,,694,100% (3/3),0% (0/0),0% (0/0),,,USA,d3df547c1e126,FALSE
2DYKCCVLL3CAA8OEYUH4H9NR777X7U,2CZ6RLPHIT3H21CS8NX2SJQ21699HG,Tell us what's happening! Code Name: SNAZZY POTATO,Write very short descriptions of cartoon scenes,"langauge, survey, study, research",$1.00 ,Wed Nov 21 15:43:45 GMT 2012,100,BatchId:969617;,3600,604800,Wed Nov 28 15:43:45 GMT 2012,,,2X4WYB49F9SSZMZYPOFNXT5J9GWQUY,ASFL7F90C1G8D,Submitted,Wed Nov 21 15:47:11 GMT 2012,Wed Nov 21 15:59:39 GMT 2012,Wed Nov 28 07:59:39 PST 2012,,,,748,100% (2/2),100% (1/1),0% (0/0),,yes,USA,f3cdba4da3h17,FALSE
2DYKCCVLL3CAA8OEYUH4H9NR777X7U,2CZ6RLPHIT3H21CS8NX2SJQ21699HG,Tell us what's happening! Code Name: SNAZZY POTATO,Write very short descriptions of cartoon scenes,"langauge, survey, study, research",$1.00 ,Wed Nov 21 15:43:45 GMT 2012,100,BatchId:969617;,3600,604800,Wed Nov 28 15:43:45 GMT 2012,,,2X7SVGULF395Z18K466S8NYPNCQAO2,A1VJ4ZOXP9PUCP,Submitted,Wed Nov 21 16:13:20 GMT 2012,Wed Nov 21 16:24:43 GMT 2012,Wed Nov 28 08:24:43 PST 2012,,,,683,100% (2/2),0% (0/0),0% (0/0),,yes,USA,d320280bf3e86,FALSE
2DYKCCVLL3CAA8OEYUH4H9NR777X7U,2CZ6RLPHIT3H21CS8NX2SJQ21699HG,Tell us what's happening! Code Name: SNAZZY POTATO,Write very short descriptions of cartoon scenes,"langauge, survey, study, research",$1.00 ,Wed Nov 21 15:43:45 GMT 2012,100,BatchId:969617;,3600,604800,Wed Nov 28 15:43:45 GMT 2012,,,2XB92NJKM05BTOVR53N2LTPBVBYFAK,A3EAAMJ2J0R8QB,Submitted,Wed Nov 21 16:04:12 GMT 2012,Wed Nov 21 16:16:50 GMT 2012,Wed Nov 28 08:16:50 PST 2012,,,,758,100% (1/1),100% (1/1),0% (0/0),,yes,USA,d3dfd656adh69,FALSE
2DYKCCVLL3CAA8OEYUH4H9NR777X7U,2CZ6RLPHIT3H21CS8NX2SJQ21699HG,Tell us what's happening! Code Name: SNAZZY POTATO,Write very short descriptions of cartoon scenes,"langauge, survey, study, research",$1.00 ,Wed Nov 21 15:43:45 GMT 2012,100,BatchId:969617;,3600,604800,Wed Nov 28 15:43:45 GMT 2012,,,2Y4CF0CP5KXP0NPF62PG9PM9RZ0XW7,A3R18S8AN41ANG,Submitted,Wed Nov 21 16:38:37 GMT 2012,Wed Nov 21 16:51:51 GMT 2012,Wed Nov 28 08:51:51 PST 2012,,,,794,0% (0/0),0% (0/0),0% (0/0),,yes,USA,b158b3ad37c133,FALSE
2DYKCCVLL3CAA8OEYUH4H9NR777X7U,2CZ6RLPHIT3H21CS8NX2SJQ21699HG,Tell us what's happening! Code Name: SNAZZY POTATO,Write very short descriptions of cartoon scenes,"langauge, survey, study, research",$1.00 ,Wed Nov 21 15:43:45 GMT 2012,100,BatchId:969617;,3600,604800,Wed Nov 28 15:43:45 GMT 2012,,,2Y4CF0CP5KXP0NPF62PG9PM9RZZXW6,A1BQCRF5Q76YFY,Submitted,Wed Nov 21 16:28:02 GMT 2012,Wed Nov 21 16:39:13 GMT 2012,Wed Nov 28 08:39:13 PST 2012,,,,671,100% (1/1),0% (0/0),0% (0/0),,yes,USA,b22422736bc116,FALSE
2DYKCCVLL3CAA8OEYUH4H9NR777X7U,2CZ6RLPHIT3H21CS8NX2SJQ21699HG,Tell us what's happening! Code Name: SNAZZY POTATO,Write very short descriptions of cartoon scenes,"langauge, survey, study, research",$1.00 ,Wed Nov 21 15:43:45 GMT 2012,100,BatchId:969617;,3600,604800,Wed Nov 28 15:43:45 GMT 2012,,,2Y91XERSQV66YQRE6YUH0WAXOJV19O,A1IV8V08K6S98Y,Submitted,Wed Nov 21 15:44:48 GMT 2012,Wed Nov 21 16:01:34 GMT 2012,Wed Nov 28 08:01:34 PST 2012,,,,1006,100% (7/7),0% (0/0),0% (0/0),"HI, please note, I thought the point (trick) of this was to actually find a way to communicate somehow what specifically was happening in the scene with only two words, so I coded the first word with the first letter of the person doing the action; had I understood this was about children learning to speak, I would not have done this.......(so you can drop the first letter from the first word in each question - which represented the first letter of the person doing the action)",yes,USA,f21e3abc0cg8,FALSE
2DYKCCVLL3CAA8OEYUH4H9NR777X7U,2CZ6RLPHIT3H21CS8NX2SJQ21699HG,Tell us what's happening! Code Name: SNAZZY POTATO,Write very short descriptions of cartoon scenes,"langauge, survey, study, research",$1.00 ,Wed Nov 21 15:43:45 GMT 2012,100,BatchId:969617;,3600,604800,Wed Nov 28 15:43:45 GMT 2012,,,2YG2GMMEGOOGXXEJUN1A7SEKYVMAA3,AL0TC51N076O6,Submitted,Wed Nov 21 16:13:20 GMT 2012,Wed Nov 21 16:29:13 GMT 2012,Wed Nov 28 08:29:13 PST 2012,,,,953,0% (0/0),0% (0/0),0% (0/0),,yes,USA,d1f1086451e87,FALSE
2DYKCCVLL3CAA8OEYUH4H9NR777X7U,2CZ6RLPHIT3H21CS8NX2SJQ21699HG,Tell us what's happening! Code Name: SNAZZY POTATO,Write very short descriptions of cartoon scenes,"langauge, survey, study, research",$1.00 ,Wed Nov 21 15:43:45 GMT 2012,100,BatchId:969617;,3600,604800,Wed Nov 28 15:43:45 GMT 2012,,,2ZOZ9RNDWIOV8X9PB84TLU152EQUFB,A3IL71DWR7MXLN,Submitted,Wed Nov 21 16:14:15 GMT 2012,Wed Nov 21 16:25:16 GMT 2012,Wed Nov 28 08:25:16 PST 2012,,,,661,0% (0/0),0% (0/0),0% (0/0),,yes,USA,c2df077c10g91,FALSE
